category,postID,author,domain,source
Q1,2316,JandiraFeghaliOficial,nexojornal,Linked URL
Q1,11361,pimenta13br,valor.globo,Linked URL
Q2,11361,pimenta13br,valor.globo,Linked URL
Q1,31989,JandiraFeghaliOficial,bbc,Linked URL
Q2,31989,JandiraFeghaliOficial,bbc,Linked URL
Q1,35328,capitaoaugustooficial,muitainformacao,Linked URL
Q2,35328,capitaoaugustooficial,muitainformacao,Linked URL
Q1,40650,JandiraFeghaliOficial,estadodedireitosempre,Linked URL
Q1,41516,deputadohenriquefontana,estadodedireitosempre,Linked URL
Q2,41516,deputadohenriquefontana,estadodedireitosempre,Linked URL
Q1,46316,davidmirandario12,folha,Linked URL
Q2,46316,davidmirandario12,folha,Linked URL
Q1,47061,nataliabonavides,cut,Linked URL
Q2,47061,nataliabonavides,cut,Linked URL
Q1,47513,pimenta13br,brasil247,Linked URL
Q1,48396,bohngass13,brasil247,Linked URL
Q2,48396,bohngass13,brasil247,Linked URL
Q1,48409,MolonRJ,estadao,Linked URL
Q1,48941,deputadohenriquefontana,pt,Linked URL
Q2,48941,deputadohenriquefontana,pt,Linked URL
Q1,49149,nataliabonavides,saibamais.jor.br,Linked URL
Q2,49149,nataliabonavides,saibamais.jor.br,Linked URL
Q1,49820,pimenta13br,cartacapital,Linked URL
Q2,49820,pimenta13br,cartacapital,Linked URL
Q1,57356,PoliticoEliasVaz,brasil247,Linked URL
Q2,57356,PoliticoEliasVaz,brasil247,Linked URL
Q1,60136,davidmirandario12,infomoney,Linked URL
Q2,60136,davidmirandario12,infomoney,Linked URL
Q1,63549,reginaldolopesmg,blogs.globo,Linked URL
Q2,63549,reginaldolopesmg,blogs.globo,Linked URL
Q1,75613,pompeodemattospdt,noticias.uol,Linked URL
Q2,75613,pompeodemattospdt,noticias.uol,Linked URL
Q1,80986,pimenta13br,brasil247,Linked URL
Q2,80986,pimenta13br,brasil247,Linked URL
Q1,83692,pimenta13br,brasil247,Linked URL
Q1,88227,pimenta13br,brasil247,Linked URL
Q1,91147,bohngass13,blogs.globo,Linked URL
Q1,119855,capitaoalbertoneto,noticias.uol,Linked URL
Q1,119913,davidmirandario12,oglobo.globo,Linked URL
Q2,119913,davidmirandario12,oglobo.globo,Linked URL
Q1,137159,PauloEduardoOficial,oantagonista,Linked URL
Q1,140688,marciojerry,vermelho,Linked URL
Q1,153223,generalpeternelli,conjur,Linked URL
Q1,155605,patrusananias13,cartacapital,Linked URL
Q2,155605,patrusananias13,cartacapital,Linked URL
Q1,231159,gilbertoabramo,prb10,Linked URL
Q1,231218,PedroUczai,nsctotal,Linked URL
Q1,231352,deputadarosangelagomes,republicanos10,Linked URL
Q1,231373,aroldomartinsoficial,prb10,Linked URL
Q1,251803,renataabreu1919,tse.jus.br,Linked URL
Q1,267166,deputadorogeriocorreia,folha,Linked URL
Q1,309340,deputadarosangelagomes,folha,Linked URL
Q1,312048,jaquelinecassoloficial,jaquelinecassol,Linked URL
Q1,316185,pimenta13br,brasil247,Linked URL
Q1,324210,capitaoaugustooficial,terra,Linked URL
Q1,332909,carlosgomesdep,republicanos10,Linked URL
Q1,335504,kimkataguiri,mblnews,Linked URL
Q2,335504,kimkataguiri,mblnews,Linked URL
Q1,342425,IvanValentePSOL,tecnologia.ig,Linked URL
Q1,349816,luizaogoulartpr,plural.jor.br,Linked URL
Q2,349816,luizaogoulartpr,plural.jor.br,Linked URL
Q1,362344,kimkataguiri,mblnews,Linked URL
Q2,362344,kimkataguiri,mblnews,Linked URL
Q1,421123,deputadoarnaldojardim,cidadania23,Linked URL
Q1,433196,renataabreu1919,oglobo.globo,Linked URL
Q1,434569,PauloEduardoOficial,camara.leg.br,Linked URL
Q2,434569,PauloEduardoOficial,camara.leg.br,Linked URL
Q1,434575,ViniciusPoit,metrojornal,Linked URL
Q1,446619,davidmirandario12,cartacapital,Linked URL
Q2,446619,davidmirandario12,cartacapital,Linked URL
Q1,456375,kimkataguiri,mblnews,Linked URL
Q1,456591,PastorMarcoFeliciano,tercalivre,Linked URL
Q1,457048,luizaerundina,folha,Linked URL
Q1,460194,deputadoarnaldojardim,noticias.uol,Linked URL
Q1,465459,marcospereira1010,republicanos10,Linked URL
Q1,471664,marcospereira1010,republicanos10,Linked URL
Q1,476463,pompeodemattospdt,pompeo,Linked URL
Q1,477687,christino.aureo,bit.ly,Linked URL
Q1,478266,francocartafina11,otempo,Linked URL
Q1,478873,christino.aureo,bit.ly,Linked URL
Q1,483799,filipebarrosoficial,revistaoeste,Linked URL
Q1,515109,deputadojoaocampos,republicanos10,Linked URL
Q1,537324,rfalcao13,brasil247,Linked URL
Q2,537324,rfalcao13,brasil247,Linked URL
Q1,537499,pimenta13br,brasil247,Linked URL
Q2,537499,pimenta13br,brasil247,Linked URL
Q1,537506,kimkataguiri,mblnews,Linked URL
Q2,537506,kimkataguiri,mblnews,Linked URL
Q1,541700,deputadoarnaldojardim,noticias.uol,Linked URL
Q1,569571,lpbragancabr,dextra.jor.br,Linked URL
Q1,579168,filipebarrosoficial,brasilsemmedo,Linked URL
Q2,579168,filipebarrosoficial,brasilsemmedo,Linked URL
Q1,580017,AleSilvaOficial,youtube,Linked URL
Q1,613107,capitaoaugustooficial,capitaoaugusto,Linked URL
Q1,618868,gustavofruet,camara.leg.br,Linked URL
Q1,619576,bolsonaro.enb,youtube,Linked URL
Q1,626907,PastorMarcoFeliciano,gazetabrasil,Linked URL
Q1,637162,deputadofederalzecadirceu,brasil247,Linked URL
Q1,643268,deputadohenriquefontana,revistaforum,Linked URL
Q2,643268,deputadohenriquefontana,revistaforum,Linked URL
Q1,643481,faustopinato,noticias.uol,Linked URL
Q2,643481,faustopinato,noticias.uol,Linked URL
Q1,648260,renataabreu1919,g1.globo,Linked URL
Q1,648703,OtoniDeputadoFederal,viniciusteixeiracomunicador,Linked URL
Q1,649525,lpbragancabr,renovamidia,Linked URL
Q1,651296,pauloganime,google,Linked URL
Q1,651611,LidicedaMata,noticias.uol,Linked URL
Q2,651611,LidicedaMata,noticias.uol,Linked URL
Q1,654807,lpbragancabr,poder360,Linked URL
Q2,654807,lpbragancabr,poder360,Linked URL
Q1,655217,camilocapiberibe,g1.globo,Linked URL
Q1,656214,alexandrefrotaoficial77,elpais,Linked URL
Q2,656214,alexandrefrotaoficial77,elpais,Linked URL
Q1,656313,aureacarolina,cbn.globo,Linked URL
Q1,656705,rfalcao13,elpais,Linked URL
Q2,656705,rfalcao13,elpais,Linked URL
Q1,656737,DeputadaMariaDoRosario,g1.globo,Linked URL
Q2,656737,DeputadaMariaDoRosario,g1.globo,Linked URL
Q1,656851,renataabreu1919,agora,Linked URL
Q1,656954,gleisi.hoffmann,pt,Linked URL
Q2,656954,gleisi.hoffmann,pt,Linked URL
Q1,657516,deputadohenriquefontana,brasil247,Linked URL
Q2,657516,deputadohenriquefontana,brasil247,Linked URL
Q1,657922,ZambelliOficial,google,Linked URL
Q1,658129,lpbragancabr,olhardigital,Linked URL
Q2,658129,lpbragancabr,olhardigital,Linked URL
Q1,660474,camilocapiberibe,google,Linked URL
Q1,660504,lpbragancabr,oantagonista,Linked URL
Q2,660504,lpbragancabr,oantagonista,Linked URL
Q1,661716,tabataamaralSP,folha,Linked URL
Q2,661716,tabataamaralSP,folha,Linked URL
Q1,661899,renataabreu1919,noticias.uol,Linked URL
Q2,661899,renataabreu1919,noticias.uol,Linked URL
Q1,662655,camilocapiberibe,tse.jus.br,Linked URL
Q1,662666,mottadoscomerciarios,youtube,Linked URL
Q1,665355,renataabreu1919,g1.globo,Linked URL
Q1,666001,lpbragancabr,g1.globo,Linked URL
Q2,666001,lpbragancabr,g1.globo,Linked URL
Q1,666004,odaircunhamg,otempo,Linked URL
Q2,666004,odaircunhamg,otempo,Linked URL
Q1,666645,gleisi.hoffmann,pt,Linked URL
Q2,666645,gleisi.hoffmann,pt,Linked URL
Q1,669297,filipebarrosoficial,revistaoeste,Linked URL
Q2,669297,filipebarrosoficial,revistaoeste,Linked URL
Q1,669381,PauloEduardoOficial,pauloeduardomartins,Linked URL
Q2,669381,PauloEduardoOficial,pauloeduardomartins,Linked URL
Q1,672192,depchinaglia,revistaforum,Linked URL
Q2,672192,depchinaglia,revistaforum,Linked URL
Q1,673621,renataabreu1919,folha,Linked URL
Q1,674858,pauloganime,google,Linked URL
Q1,682911,depchinaglia,revistaforum,Linked URL
Q1,691175,pauloganime,google,Linked URL
Q2,691175,pauloganime,google,Linked URL
Q1,697827,AleSilvaOficial,noticias.uol,Linked URL
Q2,697827,AleSilvaOficial,noticias.uol,Linked URL
Q1,697861,lpbragancabr,noticias.uol,Linked URL
Q1,711046,generalpeternelli,tse.jus.br,Linked URL
Q1,712822,deputadofederalzesilva,youtube,Linked URL
Q1,720836,samia.bomfim.psol,noticias.uol,Linked URL
Q1,725584,lpbragancabr,diariodegoias,Linked URL
Q1,726804,pauloganime,veja,Linked URL
Q1,732767,carlosgomesdep,tse.jus.br,Linked URL
Q1,752459,LizianeBayer,reporterbrasilia,Linked URL
Q1,771897,renataabreu1919,noticias.uol,Linked URL
Q1,773757,kimkataguiri,blogs.globo,Linked URL
Q1,776749,nataliabonavides,google,Linked URL
Q2,776749,nataliabonavides,google,Linked URL
Q1,777956,lpbragancabr,renovamidia,Linked URL
Q1,787017,gustavofruet,estadao,Linked URL
Q1,787182,aureacarolina,psol50,Linked URL
Q2,787182,aureacarolina,psol50,Linked URL
Q1,788454,renataabreu1919,noticias.uol,Linked URL
Q1,788847,baleia.rossi,folha,Linked URL
Q2,788847,baleia.rossi,folha,Linked URL
Q1,789027,PastorMarcoFeliciano,youtube,Linked URL
Q1,790215,deputadohenriquefontana,senado.leg.br,Linked URL
Q2,790215,deputadohenriquefontana,senado.leg.br,Linked URL
Q1,790876,camilocapiberibe,estadao,Linked URL
Q2,790876,camilocapiberibe,estadao,Linked URL
Q1,791217,deputadomarcon,estadao,Linked URL
Q2,791217,deputadomarcon,estadao,Linked URL
Q1,791411,rfalcao13,oglobo.globo,Linked URL
Q2,791411,rfalcao13,oglobo.globo,Linked URL
Q1,791423,depjorgesolla,folha,Linked URL
Q2,791423,depjorgesolla,folha,Linked URL
Q1,791612,depchinaglia,revistaforum,Linked URL
Q2,791612,depchinaglia,revistaforum,Linked URL
Q1,794092,depchinaglia,noticias.uol,Linked URL
Q2,794092,depchinaglia,noticias.uol,Linked URL
Q1,794336,josemedeirosMT,folha,Linked URL
Q2,794336,josemedeirosMT,folha,Linked URL
Q1,794649,luizaerundina,folha,Linked URL
Q1,827522,soumararocha,folhadoacre,Linked URL
Q2,827522,soumararocha,folhadoacre,Linked URL
Q1,833196,pimenta13br,brasil247,Linked URL
Q2,833196,pimenta13br,brasil247,Linked URL
Q1,836607,pompeodemattospdt,cartacapital,Linked URL
Q1,850403,DeputadoFederalVicentinho,ptnacamara,Linked URL
Q2,850403,DeputadoFederalVicentinho,ptnacamara,Linked URL
Q1,850609,PedroUczai,ptnacamara,Linked URL
Q2,850609,PedroUczai,ptnacamara,Linked URL
Q1,851053,deputadohenriquefontana,cartacapital,Linked URL
Q2,851053,deputadohenriquefontana,cartacapital,Linked URL
Q1,868097,MolonRJ,r7,Linked URL
Q2,868097,MolonRJ,r7,Linked URL
Q1,882844,bohngass13,cnnbrasil,Linked URL
Q2,882844,bohngass13,cnnbrasil,Linked URL
Q1,893852,blogdabenedita,folha,Linked URL
Q1,909636,depheliolopes,portalnovonorte,Linked URL
Q2,909636,depheliolopes,portalnovonorte,Linked URL
Q1,918224,depheliolopes,jovempan,Linked URL
Q1,918987,bohngass13,brasil247,Linked URL
Q2,918987,bohngass13,brasil247,Linked URL
Q1,920338,capitaoaugustooficial,oglobo.globo,Linked URL
Q1,920940,fernandapsol,noticias.uol,Linked URL
Q2,920940,fernandapsol,noticias.uol,Linked URL
Q1,922770,dep.zarattini,carloszarattini,Linked URL
Q2,922770,dep.zarattini,carloszarattini,Linked URL
Q1,923479,davidmirandario12,metropoles,Linked URL
Q2,923479,davidmirandario12,metropoles,Linked URL
Q1,924165,davidmirandario12,folha,Linked URL
Q1,927608,MolonRJ,correiobraziliense,Linked URL
Q1,930450,generalgirao,youtube,Linked URL
Q2,930450,generalgirao,youtube,Linked URL
Q1,942779,edilaziojunior,r7,Linked URL
Q1,947736,deputadohenriquefontana,revistaforum,Linked URL
Q2,947736,deputadohenriquefontana,revistaforum,Linked URL
Q1,953668,loestertrutisdep,gazetadopovo,Linked URL
Q2,953668,loestertrutisdep,gazetadopovo,Linked URL
Q1,953837,ZambelliOficial,gazetadopovo,Linked URL
Q2,953837,ZambelliOficial,gazetadopovo,Linked URL
Q1,960938,nereucrispim,tse.jus.br,Linked URL
Q1,967403,orlandosilvasp,youtube,Linked URL
Q1,996267,padrejoao,brasil247,Linked URL
Q1,998145,nereucrispim,noticias.uol,Linked URL
Q1,999504,bohngass13,g1.globo,Linked URL
Q2,999504,bohngass13,g1.globo,Linked URL
Q1,1000200,blogdabenedita,folha,Linked URL
Q2,1000200,blogdabenedita,folha,Linked URL
Q1,1000612,bolsonaro.enb,youtube,Linked URL
Q1,1004323,nereucrispim,correiobraziliense,Linked URL
Q2,1004323,nereucrispim,correiobraziliense,Linked URL
Q1,1004706,bohngass13,revistaforum,Linked URL
Q1,1006723,PoliticoEliasVaz,noticias.uol,Linked URL
Q1,1007266,bohngass13,cnnbrasil,Linked URL
Q2,1007266,bohngass13,cnnbrasil,Linked URL
Q1,1007374,filipebarrosoficial,revistaoeste,Linked URL
Q2,1007374,filipebarrosoficial,revistaoeste,Linked URL
Q1,1007546,PoliticoEliasVaz,g1.globo,Linked URL
Q1,1008406,soumararocha,diretodoplanalto,Linked URL
Q2,1008406,soumararocha,diretodoplanalto,Linked URL
Q1,1011038,bohngass13,brasil247,Linked URL
Q2,1011038,bohngass13,brasil247,Linked URL
Q1,1011787,bohngass13,brasil247,Linked URL
Q2,1011787,bohngass13,brasil247,Linked URL
Q1,1011857,bohngass13,estadao,Linked URL
Q1,1012792,padrejoao,cnbb,Linked URL
Q1,1018913,deputadogiovanicherini,fiscaisdobolsonaro,Linked URL
Q1,1019588,paulabelmonteoficial,folha,Linked URL
Q2,1019588,paulabelmonteoficial,folha,Linked URL
Q1,1024781,reginaldolopesmg,ptnacamara,Linked URL
Q1,1029410,bohngass13,pragmatismopolitico,Linked URL
Q1,1030221,MolonRJ,oglobo.globo,Linked URL
Q2,1030221,MolonRJ,oglobo.globo,Linked URL
Q1,1033997,renataabreu1919,jovempan,Linked URL
Q1,1042601,pimenta13br,brasil247,Linked URL
Q2,1042601,pimenta13br,brasil247,Linked URL
Q1,1042912,bibonunes,youtube,Linked URL
Q2,1042912,bibonunes,youtube,Linked URL
Q1,1067179,bolsonaro.enb,youtube,Linked URL
Q1,1082220,capitaoaugustooficial,cultura,Linked URL
Q1,1089619,diegogarciapr,youtube,Linked URL
Q1,1092260,bohngass13,brasildefato,Linked URL
Q2,1092260,bohngass13,brasildefato,Linked URL
Q1,1094531,nereucrispim,cnnbrasil,Linked URL
Q1,1132203,blogdabenedita,washingtonpost,Linked URL
Q2,1132203,blogdabenedita,washingtonpost,Linked URL
Q1,1159763,lpbragancabr,revistaoeste,Linked URL
Q1,1160783,davidmirandario12,glo.bo,Linked URL
Q2,1160783,davidmirandario12,glo.bo,Linked URL
Q1,1168893,DepJhonatanJesus,republicanos10,Linked URL
Q1,1170198,paulabelmonteoficial,oglobo.globo,Linked URL
Q2,1170198,paulabelmonteoficial,oglobo.globo,Linked URL
Q1,1170292,MolonRJ,estadao,Linked URL
Q2,1170292,MolonRJ,estadao,Linked URL
Q1,1170745,filipebarrosoficial,gazetadopovo,Linked URL
Q2,1170745,filipebarrosoficial,gazetadopovo,Linked URL
Q1,1172849,PauloEduardoOficial,arede.info,Linked URL
Q2,1172849,PauloEduardoOficial,arede.info,Linked URL
Q1,1173153,PastorMarcoFeliciano,pleno.news,Linked URL
Q1,1174270,bibonunes,youtube,Linked URL
Q2,1174270,bibonunes,youtube,Linked URL
Q1,1174531,bolsonaro.enb,youtube,Linked URL
Q1,1174795,lpbragancabr,revistaoeste,Linked URL
Q2,1174795,lpbragancabr,revistaoeste,Linked URL
Q1,1175605,deputadohenriquefontana,folha,Linked URL
Q1,1181484,PastorMarcoFeliciano,pleno.news,Linked URL
Q2,1181484,PastorMarcoFeliciano,pleno.news,Linked URL
Q1,1182571,lpbragancabr,tercalivre,Linked URL
Q1,1190977,pauloramosrio,deputadopauloramosrj,Linked URL
Q2,1190977,pauloramosrio,deputadopauloramosrj,Linked URL
Q1,1196532,paulabelmonteoficial,estadao,Linked URL
Q2,1196532,paulabelmonteoficial,estadao,Linked URL
Q1,1199184,renataabreu1919,renataabreuoficial,Linked URL
Q1,1199331,lpbragancabr,moneytimes,Linked URL
Q1,1203821,freixo.marcelo,youtube,Linked URL
Q2,1203821,freixo.marcelo,youtube,Linked URL
Q1,1205019,bolsonaro.enb,google,Linked URL
Q2,1205019,bolsonaro.enb,google,Linked URL
Q1,1209583,deputadohenriquefontana,poder360,Linked URL
Q1,1213545,oficialluizlima,youtube,Linked URL
Q1,1213801,pompeodemattospdt,disparada,Linked URL
Q2,1213801,pompeodemattospdt,disparada,Linked URL
Q1,1220348,PauloEduardoOficial,oantagonista,Linked URL
Q2,1220348,PauloEduardoOficial,oantagonista,Linked URL
Q1,1225068,PauloEduardoOficial,gazetadopovo,Linked URL
Q2,1225068,PauloEduardoOficial,gazetadopovo,Linked URL
Q1,1225335,joseneltooficial,oantagonista,Linked URL
Q2,1225335,joseneltooficial,oantagonista,Linked URL
Q1,1226466,luizaerundina,veja,Linked URL
Q1,1228136,PastorMarcoFeliciano,pleno.news,Linked URL
Q2,1228136,PastorMarcoFeliciano,pleno.news,Linked URL
Q1,1228243,PastorMarcoFeliciano,pleno.news,Linked URL
Q2,1228243,PastorMarcoFeliciano,pleno.news,Linked URL
Q1,1229382,DeputadoOsmarTerra,youtube,Linked URL
Q2,1229382,DeputadoOsmarTerra,youtube,Linked URL
Q1,1229496,PastorMarcoFeliciano,pleno.news,Linked URL
Q2,1229496,PastorMarcoFeliciano,pleno.news,Linked URL
Q1,1229630,aureacarolina,aureacarolina,Linked URL
Q2,1229630,aureacarolina,aureacarolina,Linked URL
Q1,1229998,lpbragancabr,revistaoeste,Linked URL
Q2,1229998,lpbragancabr,revistaoeste,Linked URL
Q1,1230274,davidmirandario12,folha,Linked URL
Q1,1230924,ZambelliOficial,youtube,Linked URL
Q2,1230924,ZambelliOficial,youtube,Linked URL
Q1,1230928,greyce.elias,youtube,Linked URL
Q2,1230928,greyce.elias,youtube,Linked URL
Q1,1232129,davidmirandario12,senado.leg.br,Linked URL
Q1,1234740,bolsonaro.enb,senado.leg.br,Linked URL
Q1,1237994,davidmirandario12,metropoles,Linked URL
Q2,1237994,davidmirandario12,metropoles,Linked URL
Q1,1238963,renataabreu1919,g1.globo,Linked URL
Q1,1251763,renataabreu1919,renataabreuoficial,Linked URL
Q2,1251763,renataabreu1919,renataabreuoficial,Linked URL
Q1,1254116,MolonRJ,oglobo.globo,Linked URL
Q2,1254116,MolonRJ,oglobo.globo,Linked URL
Q1,1260650,PastorMarcoFeliciano,pleno.news,Linked URL
Q2,1260650,PastorMarcoFeliciano,pleno.news,Linked URL
Q1,1260722,PastorMarcoFeliciano,pleno.news,Linked URL
Q2,1260722,PastorMarcoFeliciano,pleno.news,Linked URL
Q1,1260799,PastorMarcoFeliciano,pleno.news,Linked URL
Q2,1260799,PastorMarcoFeliciano,pleno.news,Linked URL
Q1,1261088,deputadohenriquefontana,folha,Linked URL
Q2,1261088,deputadohenriquefontana,folha,Linked URL
Q1,1262170,ProfessoraRosaNeide,youtube,Linked URL
Q1,1262435,depchinaglia,noticias.uol,Linked URL
Q2,1262435,depchinaglia,noticias.uol,Linked URL
Q1,1262449,depchinaglia,revistaforum,Linked URL
Q1,1263104,fernandapsol,folha,Linked URL
Q2,1263104,fernandapsol,folha,Linked URL
Q1,1263413,MolonRJ,g1.globo,Linked URL
Q2,1263413,MolonRJ,g1.globo,Linked URL
Q1,1264394,davidmirandario12,tupi.fm,Linked URL
Q2,1264394,davidmirandario12,tupi.fm,Linked URL
Q1,1264840,airtonfaleiropt,cartacapital,Linked URL
Q2,1264840,airtonfaleiropt,cartacapital,Linked URL
Q1,1266043,freianastaciopt,freianastacio,Linked URL
Q1,1266560,fernandapsol,revistamarieclaire.globo,Linked URL
Q1,1266574,samia.bomfim.psol,estadao,Linked URL
Q2,1266574,samia.bomfim.psol,estadao,Linked URL
Q1,1266808,MolonRJ,estadao,Linked URL
Q2,1266808,MolonRJ,estadao,Linked URL
Q1,1267448,freixo.marcelo,youtube,Linked URL
Q2,1267448,freixo.marcelo,youtube,Linked URL
Q1,1268478,deputadogiovanicherini,istoedinheiro,Linked URL
Q1,1269061,PastorMarcoFeliciano,pleno.news,Linked URL
Q2,1269061,PastorMarcoFeliciano,pleno.news,Linked URL
Q1,1269526,depchinaglia,cartacapital,Linked URL
Q2,1269526,depchinaglia,cartacapital,Linked URL
Q1,1269542,fernandapsol,revistaforum,Linked URL
Q2,1269542,fernandapsol,revistaforum,Linked URL
Q1,1269880,deputadogiovanicherini,gauchazh.clicrbs,Linked URL
Q1,1270084,glauber.braga1,noticias.uol,Linked URL
Q2,1270084,glauber.braga1,noticias.uol,Linked URL
Q1,1270102,depvalmir,valmirassuncao,Linked URL
Q2,1270102,depvalmir,valmirassuncao,Linked URL
Q1,1270109,freianastaciopt,freianastacio,Linked URL
Q1,1270544,chicodangelo,congressoemfoco,Linked URL
Q2,1270544,chicodangelo,congressoemfoco,Linked URL
Q1,1270734,DeputadoFederalVicentinho,folhadoabc,Linked URL
Q1,1270873,MagdaMofatto.Goias,magdamofatto,Linked URL
Q2,1270873,MagdaMofatto.Goias,magdamofatto,Linked URL
Q1,1271090,aureacarolina,ebc,Linked URL
Q1,1271199,freianastaciopt,diariodocentrodomundo,Linked URL
Q1,1271629,PoliticoEliasVaz,metropoles,Linked URL
Q2,1271629,PoliticoEliasVaz,metropoles,Linked URL
Q1,1271911,marcelvh,boletimdaliberdade,Linked URL
Q1,1271945,blogdabenedita,outline,Linked URL
Q2,1271945,blogdabenedita,outline,Linked URL
Q1,1272048,davidmirandario12,congressoemfoco,Linked URL
Q2,1272048,davidmirandario12,congressoemfoco,Linked URL
Q1,1272082,camilocapiberibe,socialismocriativo,Linked URL
Q2,1272082,camilocapiberibe,socialismocriativo,Linked URL
Q1,1272135,depchinaglia,bbc,Linked URL
Q2,1272135,depchinaglia,bbc,Linked URL
Q1,1272140,depchinaglia,bbc,Linked URL
Q2,1272140,depchinaglia,bbc,Linked URL
Q1,1272247,deputadohenriquefontana,oantagonista,Linked URL
Q2,1272247,deputadohenriquefontana,oantagonista,Linked URL
Q1,1272321,samia.bomfim.psol,folha,Linked URL
Q2,1272321,samia.bomfim.psol,folha,Linked URL
Q1,1272518,davidmirandario12,correiobraziliense,Linked URL
Q2,1272518,davidmirandario12,correiobraziliense,Linked URL
Q1,1272545,aureacarolina,noticias.uol,Linked URL
Q2,1272545,aureacarolina,noticias.uol,Linked URL
Q1,1272627,depchinaglia,brasil247,Linked URL
Q2,1272627,depchinaglia,brasil247,Linked URL
Q1,1272783,MolonRJ,correiobraziliense,Linked URL
Q2,1272783,MolonRJ,correiobraziliense,Linked URL
Q1,1272802,fernandapsol,noticias.uol,Linked URL
Q2,1272802,fernandapsol,noticias.uol,Linked URL
Q1,1272851,depchinaglia,soundcloud,Linked URL
Q2,1272851,depchinaglia,soundcloud,Linked URL
Q1,1273094,depchinaglia,revistaforum,Linked URL
Q2,1273094,depchinaglia,revistaforum,Linked URL
Q1,1274457,RosanaValleOficial,camara.leg.br,Linked URL
Q2,1274457,RosanaValleOficial,camara.leg.br,Linked URL
Q1,1274933,filipebarrosoficial,thehack,Linked URL
Q2,1274933,filipebarrosoficial,thehack,Linked URL
Q1,1275272,DeputadoFederalVicentinho,ptnacamara,Linked URL
Q2,1275272,DeputadoFederalVicentinho,ptnacamara,Linked URL
Q1,1275307,LidicedaMata,noticias.uol,Linked URL
Q1,1275386,aureacarolina,folha,Linked URL
Q2,1275386,aureacarolina,folha,Linked URL
Q1,1275390,PastorMarcoFeliciano,pleno.news,Linked URL
Q2,1275390,PastorMarcoFeliciano,pleno.news,Linked URL
Q1,1275711,MolonRJ,socialismocriativo,Linked URL
Q2,1275711,MolonRJ,socialismocriativo,Linked URL
Q1,1275919,loestertrutisdep,ms1noticias,Linked URL
Q2,1275919,loestertrutisdep,ms1noticias,Linked URL
Q1,1275994,MolonRJ,g1.globo,Linked URL
Q2,1275994,MolonRJ,g1.globo,Linked URL
Q1,1276032,PastorMarcoFeliciano,pleno.news,Linked URL
Q2,1276032,PastorMarcoFeliciano,pleno.news,Linked URL
Q1,1276197,MolonRJ,folha,Linked URL
Q2,1276197,MolonRJ,folha,Linked URL
Q1,1276255,DeputadaMariaDoRosario,brasil247,Linked URL
Q2,1276255,DeputadaMariaDoRosario,brasil247,Linked URL
Q1,1276324,deputadohenriquefontana,g1.globo,Linked URL
Q2,1276324,deputadohenriquefontana,g1.globo,Linked URL
Q1,1276471,freianastaciopt,camara.leg.br,Linked URL
Q1,1276509,RodrigoMaiaRJ,oglobo.globo,Linked URL
Q2,1276509,RodrigoMaiaRJ,oglobo.globo,Linked URL
Q1,1276799,aroldomartinsoficial,r7,Linked URL
Q2,1276799,aroldomartinsoficial,r7,Linked URL
Q1,1277264,freianastaciopt,congressoemfoco,Linked URL
Q1,1277455,orlandosilvasp,poder360,Linked URL
Q2,1277455,orlandosilvasp,poder360,Linked URL
Q1,1277835,taliriapetronepsol,g1.globo,Linked URL
Q2,1277835,taliriapetronepsol,g1.globo,Linked URL
Q1,1277919,depchinaglia,oglobo.globo,Linked URL
Q1,1278268,odaircunhamg,noticias.uol,Linked URL
Q2,1278268,odaircunhamg,noticias.uol,Linked URL
Q1,1278378,bolsonaro.enb,youtube,Linked URL
Q2,1278378,bolsonaro.enb,youtube,Linked URL
Q1,1278503,fernandapsol,cnnbrasil,Linked URL
Q2,1278503,fernandapsol,cnnbrasil,Linked URL
Q1,1278511,MolonRJ,g1.globo,Linked URL
Q2,1278511,MolonRJ,g1.globo,Linked URL
Q1,1278523,depchinaglia,g1.globo,Linked URL
Q2,1278523,depchinaglia,g1.globo,Linked URL
Q1,1278562,depchinaglia,revistaforum,Linked URL
Q1,1279054,depchinaglia,noticias.uol,Linked URL
Q2,1279054,depchinaglia,noticias.uol,Linked URL
Q1,1279298,DeputadoPedroLupion,gazetadopovo,Linked URL
Q2,1279298,DeputadoPedroLupion,gazetadopovo,Linked URL
Q1,1279334,PastorMarcoFeliciano,pleno.news,Linked URL
Q2,1279334,PastorMarcoFeliciano,pleno.news,Linked URL
Q1,1279558,PastorMarcoFeliciano,pleno.news,Linked URL
Q2,1279558,PastorMarcoFeliciano,pleno.news,Linked URL
Q1,1280290,DeputadoFederalVicentinho,ptnacamara,Linked URL
Q2,1280290,DeputadoFederalVicentinho,ptnacamara,Linked URL
Q1,1280386,MolonRJ,estadao,Linked URL
Q2,1280386,MolonRJ,estadao,Linked URL
Q1,1280626,lpbragancabr,gazetadopovo,Linked URL
Q1,1280683,DeputadaMariaDoRosario,correiobraziliense,Linked URL
Q2,1280683,DeputadaMariaDoRosario,correiobraziliense,Linked URL
Q1,1280776,bohngass13,revistaforum,Linked URL
Q2,1280776,bohngass13,revistaforum,Linked URL
Q1,1280967,deputadohenriquefontana,noticias.uol,Linked URL
Q2,1280967,deputadohenriquefontana,noticias.uol,Linked URL
Q1,1280982,PastorMarcoFeliciano,pleno.news,Linked URL
Q2,1280982,PastorMarcoFeliciano,pleno.news,Linked URL
Q1,1281094,josemedeirosMT,senado.leg.br,Linked URL
Q1,1281118,reginaldolopesmg,lulalivre,Linked URL
Q2,1281118,reginaldolopesmg,lulalivre,Linked URL
Q1,1281143,DeputadoFederalVicentinho,ptnacamara,Linked URL
Q2,1281143,DeputadoFederalVicentinho,ptnacamara,Linked URL
Q1,1281429,LidicedaMata,noticias.uol,Linked URL
Q2,1281429,LidicedaMata,noticias.uol,Linked URL
Q1,1281451,fernandapsol,oglobo.globo,Linked URL
Q2,1281451,fernandapsol,oglobo.globo,Linked URL
Q1,1281717,danilocabralpe,g1.globo,Linked URL
Q1,1281747,fernandapsol,noticias.uol,Linked URL
Q2,1281747,fernandapsol,noticias.uol,Linked URL
Q1,1282305,deputadohenriquefontana,revistaforum,Linked URL
Q2,1282305,deputadohenriquefontana,revistaforum,Linked URL
Q1,1282506,josemedeirosMT,minutomt,Linked URL
Q2,1282506,josemedeirosMT,minutomt,Linked URL
Q1,1282983,deputadohenriquefontana,cartacapital,Linked URL
Q2,1282983,deputadohenriquefontana,cartacapital,Linked URL
Q1,1282998,bolsonaro.enb,youtube,Linked URL
Q2,1282998,bolsonaro.enb,youtube,Linked URL
Q1,1283100,DeputadoFederalVicentinho,ptnacamara,Linked URL
Q2,1283100,DeputadoFederalVicentinho,ptnacamara,Linked URL
Q1,1283102,PauloEduardoOficial,revistaoeste,Linked URL
Q1,1283148,gleisi.hoffmann,brasil247,Linked URL
Q1,1283597,LidicedaMata,folha,Linked URL
Q2,1283597,LidicedaMata,folha,Linked URL
Q1,1284055,PauloEduardoOficial,jovempan,Linked URL
Q2,1284055,PauloEduardoOficial,jovempan,Linked URL
Q1,1284153,depchinaglia,diariodocentrodomundo,Linked URL
Q2,1284153,depchinaglia,diariodocentrodomundo,Linked URL
Q1,1284160,DeputadoFederalVicentinho,ptnacamara,Linked URL
Q2,1284160,DeputadoFederalVicentinho,ptnacamara,Linked URL
Q1,1284267,pompeodemattospdt,cultura,Linked URL
Q2,1284267,pompeodemattospdt,cultura,Linked URL
Q1,1284643,bohngass13,cnnbrasil,Linked URL
Q2,1284643,bohngass13,cnnbrasil,Linked URL
Q1,1284680,airtonfaleiropt,noticias.uol,Linked URL
Q2,1284680,airtonfaleiropt,noticias.uol,Linked URL
Q1,1284847,alexandrefrotaoficial77,noticias.uol,Linked URL
Q2,1284847,alexandrefrotaoficial77,noticias.uol,Linked URL
Q1,1284894,fernandapsol,folha,Linked URL
Q2,1284894,fernandapsol,folha,Linked URL
Q1,1285046,bolsonaro.enb,youtu.be,Linked URL
Q2,1285046,bolsonaro.enb,youtu.be,Linked URL
Q1,1286075,depchinaglia,cartacapital,Linked URL
Q2,1286075,depchinaglia,cartacapital,Linked URL
Q1,1286226,PastorMarcoFeliciano,pleno.news,Linked URL
Q2,1286226,PastorMarcoFeliciano,pleno.news,Linked URL
Q1,1286492,PastorMarcoFeliciano,pleno.news,Linked URL
Q2,1286492,PastorMarcoFeliciano,pleno.news,Linked URL
Q1,1286553,fernandapsol,correiobraziliense,Linked URL
Q2,1286553,fernandapsol,correiobraziliense,Linked URL
Q1,1290298,depchinaglia,congressoemfoco,Linked URL
Q2,1290298,depchinaglia,congressoemfoco,Linked URL
Q1,1290364,deputadohenriquefontana,noticias.uol,Linked URL
Q2,1290364,deputadohenriquefontana,noticias.uol,Linked URL
Q1,1292230,DrFredericoMG,doutorfrederico,Linked URL
Q2,1292230,DrFredericoMG,doutorfrederico,Linked URL
Q1,1292648,niltotattosp,ptnacamara,Linked URL
Q2,1292648,niltotattosp,ptnacamara,Linked URL
Q1,1292779,LidicedaMata,folha,Linked URL
Q1,1292980,DeputadoFederalVicentinho,ptnacamara,Linked URL
Q2,1292980,DeputadoFederalVicentinho,ptnacamara,Linked URL
Q1,1293784,airtonfaleiropt,ptnacamara,Linked URL
Q2,1293784,airtonfaleiropt,ptnacamara,Linked URL
Q1,1293793,DeputadoFederalVicentinho,ptnacamara,Linked URL
Q2,1293793,DeputadoFederalVicentinho,ptnacamara,Linked URL
Q1,1293822,tabataamaralSP,estadao,Linked URL
Q2,1293822,tabataamaralSP,estadao,Linked URL
Q1,1293899,calero.rio,estadao,Linked URL
Q2,1293899,calero.rio,estadao,Linked URL
Q1,1293958,MolonRJ,estadao,Linked URL
Q2,1293958,MolonRJ,estadao,Linked URL
Q1,1293965,fernandapsol,estadao,Linked URL
Q2,1293965,fernandapsol,estadao,Linked URL
Q1,1293974,samia.bomfim.psol,estadao,Linked URL
Q2,1293974,samia.bomfim.psol,estadao,Linked URL
Q1,1293987,orlandosilvasp,estadao,Linked URL
Q2,1293987,orlandosilvasp,estadao,Linked URL
Q1,1294002,DeputadaMariaDoRosario,revistaforum,Linked URL
Q2,1294002,DeputadaMariaDoRosario,revistaforum,Linked URL
Q1,1294026,reginaldolopesmg,estadao,Linked URL
Q2,1294026,reginaldolopesmg,estadao,Linked URL
Q1,1294062,glauber.braga1,brasil247,Linked URL
Q2,1294062,glauber.braga1,brasil247,Linked URL
Q1,1296183,PastorMarcoFeliciano,pleno.news,Linked URL
Q2,1296183,PastorMarcoFeliciano,pleno.news,Linked URL
Q1,1296430,depchinaglia,revistaforum,Linked URL
Q2,1296430,depchinaglia,revistaforum,Linked URL
Q1,1296796,davidmirandario12,r7,Linked URL
Q2,1296796,davidmirandario12,r7,Linked URL
Q1,1297025,fernandapsol,correiodopovo,Linked URL
Q2,1297025,fernandapsol,correiodopovo,Linked URL
Q1,1298883,filipebarrosoficial,revistaoeste,Linked URL
Q2,1298883,filipebarrosoficial,revistaoeste,Linked URL
Q1,1299525,lpbragancabr,revistaoeste,Linked URL
Q2,1299525,lpbragancabr,revistaoeste,Linked URL
Q1,1299882,fernandapsol,folha,Linked URL
Q2,1299882,fernandapsol,folha,Linked URL
Q1,1303769,renataabreu1919,camara.leg.br,Linked URL
Q1,1304486,odaircunhamg,oglobo.globo,Linked URL
Q2,1304486,odaircunhamg,oglobo.globo,Linked URL
Q1,1306979,eduardobismarckce,focus.jor.br,Linked URL
Q2,1306979,eduardobismarckce,focus.jor.br,Linked URL
Q1,1307446,edermauropa,romanews,Linked URL
Q2,1307446,edermauropa,romanews,Linked URL
Q1,1307508,DeputadoFederalVicentinho,ptnacamara,Linked URL
Q2,1307508,DeputadoFederalVicentinho,ptnacamara,Linked URL
Q1,1307803,deputadaaliceportugal,folha,Linked URL
Q2,1307803,deputadaaliceportugal,folha,Linked URL
Q1,1308166,pompeodemattospdt,yahoo,Linked URL
Q2,1308166,pompeodemattospdt,yahoo,Linked URL
Q1,1309208,blogdabenedita,noticias.uol,Linked URL
Q1,1309341,lpbragancabr,ultimosegundo.ig,Linked URL
Q1,1310252,PastorMarcoFeliciano,pleno.news,Linked URL
Q2,1310252,PastorMarcoFeliciano,pleno.news,Linked URL
Q1,1312621,PastorMarcoFeliciano,pleno.news,Linked URL
Q2,1312621,PastorMarcoFeliciano,pleno.news,Linked URL
Q1,1312882,cleberverde.1010,poder360,Linked URL
Q1,1313473,filipebarrosoficial,gazetadopovo,Linked URL
Q1,1316404,PastorMarcoFeliciano,pleno.news,Linked URL
Q2,1316404,PastorMarcoFeliciano,pleno.news,Linked URL
Q1,1316599,filipebarrosoficial,brasilsemmedo,Linked URL
Q2,1316599,filipebarrosoficial,brasilsemmedo,Linked URL
Q1,1317173,PastorMarcoFeliciano,pleno.news,Linked URL
Q2,1317173,PastorMarcoFeliciano,pleno.news,Linked URL
Q1,1317254,deputadohenriquefontana,sul21,Linked URL
Q2,1317254,deputadohenriquefontana,sul21,Linked URL
Q1,1317417,cleberverde.1010,google,Linked URL
Q1,1318745,josemedeirosMT,youtube,Linked URL
Q2,1318745,josemedeirosMT,youtube,Linked URL
Q1,1321287,renataabreu1919,g1.globo,Linked URL
Q2,1321287,renataabreu1919,g1.globo,Linked URL
Q1,1375134,nereucrispim,gauchazh.clicrbs,Linked URL
Q2,1375134,nereucrispim,gauchazh.clicrbs,Linked URL
Q1,1375370,OsiresDamaso,osiresdamaso,Linked URL
Q1,1377451,pauloganime,novonacamara,Linked URL
Q1,1382277,aroldomartinsoficial,jornalbrasilonline,Linked URL
Q2,1382277,aroldomartinsoficial,jornalbrasilonline,Linked URL
Q1,1384766,MolonRJ,oglobo.globo,Linked URL
Q2,1384766,MolonRJ,oglobo.globo,Linked URL
Q1,1409276,luizaogoulartpr,noticias.uol,Linked URL
Q1,706,PauloEduardoOficial,poder360,Text mention
Q2,706,PauloEduardoOficial,poder360,Text mention
Q1,775,cabojunioamaral,poder360,Text mention
Q1,775,cabojunioamaral,poder360,Text mention
Q1,3400,AlencarBraga13,veja,Text mention
Q1,3401,marciojerry,veja,Text mention
Q1,3412,PedroUczai,veja,Text mention
Q1,20395,gleisi.hoffmann,cnnbrasil,Text mention
Q1,20436,pimenta13br,veja,Text mention
Q1,21292,AlencarBraga13,band,Text mention
Q1,21292,AlencarBraga13,bandnewsfm,Text mention
Q1,22349,biakicisoficial,brasilsemmedo,Text mention
Q2,22349,biakicisoficial,brasilsemmedo,Text mention
Q1,22632,deputadosanderson,jovempan,Text mention
Q2,22632,deputadosanderson,jovempan,Text mention
Q1,25366,PauloTeixeira13,g1.globo,Text mention
Q2,25366,PauloTeixeira13,g1.globo,Text mention
Q1,28399,PoliticoEliasVaz,veja,Text mention
Q2,28399,PoliticoEliasVaz,veja,Text mention
Q1,29215,filipebarrosoficial,veja,Text mention
Q2,29215,filipebarrosoficial,veja,Text mention
Q1,31153,oficialigortimo,veja,Text mention
Q1,31989,JandiraFeghaliOficial,bbc,Text mention
Q2,31989,JandiraFeghaliOficial,bbc,Text mention
Q1,32180,PauloTeixeira13,estadao,Text mention
Q2,32180,PauloTeixeira13,estadao,Text mention
Q1,32180,PauloTeixeira13,estadao,Text mention
Q2,32180,PauloTeixeira13,estadao,Text mention
Q1,32180,PauloTeixeira13,estadao,Text mention
Q2,32180,PauloTeixeira13,estadao,Text mention
Q1,32915,ZambelliOficial,jovempan,Text mention
Q2,32915,ZambelliOficial,jovempan,Text mention
Q1,32915,ZambelliOficial,jovempan,Text mention
Q2,32915,ZambelliOficial,jovempan,Text mention
Q1,33119,deputadorogeriocorreia,bbc,Text mention
Q2,33119,deputadorogeriocorreia,bbc,Text mention
Q1,33119,deputadorogeriocorreia,bbc,Text mention
Q2,33119,deputadorogeriocorreia,bbc,Text mention
Q1,34177,coronel.armando,pleno.news,Text mention
Q1,34254,carolinerdetoni,poder360,Text mention
Q1,34254,carolinerdetoni,gazetadopovo,Text mention
Q1,34271,filipebarrosoficial,terrabrasilnoticias,Text mention
Q1,34511,RobertoAlvesRepublicanos,veja,Text mention
Q1,34529,carlosjordyoficial,pleno.news,Text mention
Q2,34529,carlosjordyoficial,pleno.news,Text mention
Q1,34529,carlosjordyoficial,glo.bo,Text mention
Q2,34529,carlosjordyoficial,glo.bo,Text mention
Q1,34759,filipebarrosoficial,glo.bo,Text mention
Q1,34905,biakicisoficial,pleno.news,Text mention
Q2,34905,biakicisoficial,pleno.news,Text mention
Q1,35071,josemedeirosMT,veja,Text mention
Q2,35071,josemedeirosMT,veja,Text mention
Q1,35253,filipebarrosoficial,estadao,Text mention
Q2,35253,filipebarrosoficial,estadao,Text mention
Q1,40078,filipebarrosoficial,terrabrasilnoticias,Text mention
Q1,40326,joicehasselmann,cnnbrasil,Text mention
Q1,40762,josemedeirosMT,jovempan,Text mention
Q1,41340,PauloEduardoOficial,g1.globo,Text mention
Q1,41348,heitorschuchoficial,veja,Text mention
Q1,42308,filipebarrosoficial,g1.globo,Text mention
Q1,42346,carlosjordyoficial,gazetadopovo,Text mention
Q2,42346,carlosjordyoficial,gazetadopovo,Text mention
Q1,42691,ZambelliOficial,glo.bo,Text mention
Q1,43410,PauloEduardoOficial,gazetadopovo,Text mention
Q1,44354,PauloTeixeira13,folha,Text mention
Q2,44354,PauloTeixeira13,folha,Text mention
Q1,44354,PauloTeixeira13,folha,Text mention
Q2,44354,PauloTeixeira13,folha,Text mention
Q1,44761,biakicisoficial,terrabrasilnoticias,Text mention
Q1,46269,carlosjordyoficial,pleno.news,Text mention
Q2,46269,carlosjordyoficial,pleno.news,Text mention
Q1,46269,carlosjordyoficial,g1.globo,Text mention
Q2,46269,carlosjordyoficial,g1.globo,Text mention
Q1,46269,carlosjordyoficial,g1.globo,Text mention
Q2,46269,carlosjordyoficial,g1.globo,Text mention
Q1,46443,filipebarrosoficial,glo.bo,Text mention
Q1,46443,filipebarrosoficial,glo.bo,Text mention
Q1,46443,filipebarrosoficial,glo.bo,Text mention
Q1,46443,filipebarrosoficial,g1.globo,Text mention
Q1,46770,coronel.armando,veja,Text mention
Q2,46770,coronel.armando,veja,Text mention
Q1,47281,deputadorogeriocorreia,cnn,Text mention
Q2,47281,deputadorogeriocorreia,cnn,Text mention
Q1,47957,lpbragancabr,folha,Text mention
Q2,47957,lpbragancabr,folha,Text mention
Q1,47964,bolsonaro.enb,jovempan,Text mention
Q2,47964,bolsonaro.enb,jovempan,Text mention
Q1,48163,blogdabenedita,g1.globo,Text mention
Q1,48409,MolonRJ,estadao,Text mention
Q1,48962,fernandapsol,g1.globo,Text mention
Q2,48962,fernandapsol,g1.globo,Text mention
Q1,49186,deputadohenriquefontana,g1.globo,Text mention
Q2,49186,deputadohenriquefontana,g1.globo,Text mention
Q1,49329,blogdabenedita,folha,Text mention
Q2,49329,blogdabenedita,folha,Text mention
Q1,49497,filipebarrosoficial,terrabrasilnoticias,Text mention
Q1,49625,generalgirao,folha,Text mention
Q2,49625,generalgirao,folha,Text mention
Q1,49721,AlencarBraga13,glo.bo,Text mention
Q2,49721,AlencarBraga13,glo.bo,Text mention
Q1,49786,deputadaaliceportugal,folha,Text mention
Q2,49786,deputadaaliceportugal,folha,Text mention
Q1,49786,deputadaaliceportugal,folha,Text mention
Q2,49786,deputadaaliceportugal,folha,Text mention
Q1,49786,deputadaaliceportugal,folha,Text mention
Q2,49786,deputadaaliceportugal,folha,Text mention
Q1,49868,PauloEduardoOficial,g1.globo,Text mention
Q2,49868,PauloEduardoOficial,g1.globo,Text mention
Q1,49903,padrejoao,folha,Text mention
Q2,49903,padrejoao,folha,Text mention
Q1,49903,padrejoao,folha,Text mention
Q2,49903,padrejoao,folha,Text mention
Q1,49942,PauloTeixeira13,folha,Text mention
Q2,49942,PauloTeixeira13,folha,Text mention
Q1,50045,chicodangelo,veja,Text mention
Q1,50300,bolsonaro.enb,poder360,Text mention
Q1,50470,filipebarrosoficial,pleno.news,Text mention
Q2,50470,filipebarrosoficial,pleno.news,Text mention
Q1,52010,filipebarrosoficial,gazetadopovo,Text mention
Q1,52294,josemedeirosMT,glo.bo,Text mention
Q2,52294,josemedeirosMT,glo.bo,Text mention
Q1,53983,carlosjordyoficial,pleno.news,Text mention
Q1,54504,carlosjordyoficial,pleno.news,Text mention
Q1,55499,coronel.armando,pleno.news,Text mention
Q2,55499,coronel.armando,pleno.news,Text mention
Q1,55506,carlosjordyoficial,glo.bo,Text mention
Q1,55514,filipebarrosoficial,pleno.news,Text mention
Q2,55514,filipebarrosoficial,pleno.news,Text mention
Q1,55617,filipebarrosoficial,glo.bo,Text mention
Q1,57082,PoliticoEliasVaz,veja,Text mention
Q2,57082,PoliticoEliasVaz,veja,Text mention
Q1,58693,ViniciusPoit,g1.globo,Text mention
Q1,63524,filipebarrosoficial,terrabrasilnoticias,Text mention
Q1,63549,reginaldolopesmg,oglobo.globo,Text mention
Q2,63549,reginaldolopesmg,oglobo.globo,Text mention
Q1,63970,onelsonbarbudo,brasilsemmedo,Text mention
Q2,63970,onelsonbarbudo,brasilsemmedo,Text mention
Q1,65744,biakicisoficial,terrabrasilnoticias,Text mention
Q1,65744,biakicisoficial,terrabrasilnoticias,Text mention
Q1,67227,filipebarrosoficial,gazetadopovo,Text mention
Q2,67227,filipebarrosoficial,gazetadopovo,Text mention
Q1,67311,filipebarrosoficial,pleno.news,Text mention
Q2,67311,filipebarrosoficial,pleno.news,Text mention
Q1,68874,IvanValentePSOL,estadao,Text mention
Q2,68874,IvanValentePSOL,estadao,Text mention
Q1,69412,josemedeirosMT,gazetadopovo,Text mention
Q2,69412,josemedeirosMT,gazetadopovo,Text mention
Q1,71798,PauloTeixeira13,veja,Text mention
Q2,71798,PauloTeixeira13,veja,Text mention
Q1,72064,PauloTeixeira13,veja,Text mention
Q2,72064,PauloTeixeira13,veja,Text mention
Q1,72124,coronel.armando,pleno.news,Text mention
Q2,72124,coronel.armando,pleno.news,Text mention
Q1,73861,biakicisoficial,gazetadopovo,Text mention
Q2,73861,biakicisoficial,gazetadopovo,Text mention
Q1,74358,filipebarrosoficial,gazetadopovo,Text mention
Q1,75065,filipebarrosoficial,gazetadopovo,Text mention
Q1,75613,pompeodemattospdt,veja,Text mention
Q2,75613,pompeodemattospdt,veja,Text mention
Q1,76532,carolinerdetoni,infomoney,Text mention
Q1,76532,carolinerdetoni,pleno.news,Text mention
Q1,76532,carolinerdetoni,g1.globo,Text mention
Q1,76532,carolinerdetoni,oglobo.globo,Text mention
Q1,76886,biakicisoficial,pleno.news,Text mention
Q1,76886,biakicisoficial,glo.bo,Text mention
Q1,76886,biakicisoficial,oglobo.globo,Text mention
Q1,77871,filipebarrosoficial,terrabrasilnoticias,Text mention
Q1,78212,coronel.armando,cartacapital,Text mention
Q2,78212,coronel.armando,cartacapital,Text mention
Q1,78883,carlosjordyoficial,pleno.news,Text mention
Q1,79258,carlosjordyoficial,folha,Text mention
Q1,83640,coronel.armando,pleno.news,Text mention
Q2,83640,coronel.armando,pleno.news,Text mention
Q1,85832,PauloTeixeira13,folha,Text mention
Q2,85832,PauloTeixeira13,folha,Text mention
Q1,86228,coronel.armando,cnn,Text mention
Q2,86228,coronel.armando,cnn,Text mention
Q1,86228,coronel.armando,cnn,Text mention
Q2,86228,coronel.armando,cnn,Text mention
Q1,86791,coronel.armando,pleno.news,Text mention
Q2,86791,coronel.armando,pleno.news,Text mention
Q1,86818,padrejoao,folha,Text mention
Q2,86818,padrejoao,folha,Text mention
Q1,87280,AleSilvaOficial,pleno.news,Text mention
Q1,88877,filipebarrosoficial,estadao,Text mention
Q2,88877,filipebarrosoficial,estadao,Text mention
Q1,90395,filipebarrosoficial,oantagonista,Text mention
Q2,90395,filipebarrosoficial,oantagonista,Text mention
Q1,90395,filipebarrosoficial,oantagonista,Text mention
Q2,90395,filipebarrosoficial,oantagonista,Text mention
Q1,91147,bohngass13,oglobo.globo,Text mention
Q1,91200,carlosjordyoficial,folha,Text mention
Q2,91200,carlosjordyoficial,folha,Text mention
Q1,91239,biakicisoficial,glo.bo,Text mention
Q2,91239,biakicisoficial,glo.bo,Text mention
Q1,91625,deputadohenriquefontana,cnn,Text mention
Q2,91625,deputadohenriquefontana,cnn,Text mention
Q1,91898,fernandapsol,cnn,Text mention
Q2,91898,fernandapsol,cnn,Text mention
Q1,92068,filipebarrosoficial,folha,Text mention
Q2,92068,filipebarrosoficial,folha,Text mention
Q1,92888,biakicisoficial,pleno.news,Text mention
Q1,93824,filipebarrosoficial,pleno.news,Text mention
Q2,93824,filipebarrosoficial,pleno.news,Text mention
Q1,94057,filipebarrosoficial,terrabrasilnoticias,Text mention
Q2,94057,filipebarrosoficial,terrabrasilnoticias,Text mention
Q1,96261,carlosjordyoficial,glo.bo,Text mention
Q2,96261,carlosjordyoficial,glo.bo,Text mention
Q1,96261,carlosjordyoficial,glo.bo,Text mention
Q2,96261,carlosjordyoficial,glo.bo,Text mention
Q1,96694,orlandosilvasp,cnn,Text mention
Q1,96694,orlandosilvasp,cnnbrasil,Text mention
Q1,96694,orlandosilvasp,cnn,Text mention
Q1,96694,orlandosilvasp,cnn,Text mention
Q1,96932,carlosjordyoficial,cnn,Text mention
Q2,96932,carlosjordyoficial,cnn,Text mention
Q1,96957,filipebarrosoficial,glo.bo,Text mention
Q2,96957,filipebarrosoficial,glo.bo,Text mention
Q1,96957,filipebarrosoficial,glo.bo,Text mention
Q2,96957,filipebarrosoficial,glo.bo,Text mention
Q1,96957,filipebarrosoficial,glo.bo,Text mention
Q2,96957,filipebarrosoficial,glo.bo,Text mention
Q1,96957,filipebarrosoficial,glo.bo,Text mention
Q2,96957,filipebarrosoficial,glo.bo,Text mention
Q1,96990,filipebarrosoficial,pleno.news,Text mention
Q2,96990,filipebarrosoficial,pleno.news,Text mention
Q1,137159,PauloEduardoOficial,oantagonista,Text mention
Q1,155605,patrusananias13,cartacapital,Text mention
Q2,155605,patrusananias13,cartacapital,Text mention
Q1,195762,rodrigocoelhooficial,veja,Text mention
Q1,213329,carlosgomesdep,veja,Text mention
Q1,213329,carlosgomesdep,veja,Text mention
Q1,267166,deputadorogeriocorreia,theintercept,Text mention
Q1,421123,deputadoarnaldojardim,veja,Text mention
Q1,424990,biakicisoficial,folha,Text mention
Q1,424990,biakicisoficial,folha,Text mention
Q1,430559,biakicisoficial,glo.bo,Text mention
Q2,430559,biakicisoficial,glo.bo,Text mention
Q1,437913,fernandapsol,veja,Text mention
Q2,437913,fernandapsol,veja,Text mention
Q1,446619,davidmirandario12,cartacapital,Text mention
Q2,446619,davidmirandario12,cartacapital,Text mention
Q1,446872,carlosjordyoficial,g1.globo,Text mention
Q1,448982,joicehasselmann,veja,Text mention
Q2,448982,joicehasselmann,veja,Text mention
Q1,448982,joicehasselmann,g1.globo,Text mention
Q2,448982,joicehasselmann,g1.globo,Text mention
Q1,456591,PastorMarcoFeliciano,tercalivre,Text mention
Q1,471238,gilbertoabramo,veja,Text mention
Q1,511486,marcospereira1010,veja,Text mention
Q1,537333,depheliolopes,r7,Text mention
Q2,537333,depheliolopes,r7,Text mention
Q1,541051,mario.negromontejunior,veja,Text mention
Q1,608868,augusto.coutinho,veja,Text mention
Q1,609615,wolneyqueirozpe,veja,Text mention
Q1,611353,eduardobismarckce,jovempan,Text mention
Q1,643655,filipebarrosoficial,estadao,Text mention
Q2,643655,filipebarrosoficial,estadao,Text mention
Q1,644526,bolsonaro.enb,veja,Text mention
Q2,644526,bolsonaro.enb,veja,Text mention
Q1,646051,luizaogoulartpr,jovempan,Text mention
Q1,647217,luizaogoulartpr,jovempan,Text mention
Q1,647217,luizaogoulartpr,jovempan,Text mention
Q1,647217,luizaogoulartpr,jovempan,Text mention
Q1,651798,carlosjordyoficial,veja,Text mention
Q2,651798,carlosjordyoficial,veja,Text mention
Q1,651798,carlosjordyoficial,veja,Text mention
Q2,651798,carlosjordyoficial,veja,Text mention
Q1,652811,bolsonaro.enb,istoe,Text mention
Q2,652811,bolsonaro.enb,istoe,Text mention
Q1,653740,ZambelliOficial,glo.bo,Text mention
Q2,653740,ZambelliOficial,glo.bo,Text mention
Q1,654009,generalgirao,uol,Text mention
Q1,654117,biakicisoficial,gazetadopovo,Text mention
Q2,654117,biakicisoficial,gazetadopovo,Text mention
Q1,654807,lpbragancabr,poder360,Text mention
Q2,654807,lpbragancabr,poder360,Text mention
Q1,655787,coronel.armando,glo.bo,Text mention
Q2,655787,coronel.armando,glo.bo,Text mention
Q1,656567,majorfabiana,bbc,Text mention
Q1,657072,biakicisoficial,estadao,Text mention
Q2,657072,biakicisoficial,estadao,Text mention
Q1,657907,ZambelliOficial,jovempan,Text mention
Q2,657907,ZambelliOficial,jovempan,Text mention
Q1,657907,ZambelliOficial,jovempan,Text mention
Q2,657907,ZambelliOficial,jovempan,Text mention
Q1,657922,ZambelliOficial,jovempan,Text mention
Q1,657922,ZambelliOficial,jovempan,Text mention
Q1,657922,ZambelliOficial,jovempan,Text mention
Q1,660375,rigonifelipe,folha,Text mention
Q1,660504,lpbragancabr,oantagonista,Text mention
Q2,660504,lpbragancabr,oantagonista,Text mention
Q1,665012,biakicisoficial,bbc,Text mention
Q2,665012,biakicisoficial,bbc,Text mention
Q1,666414,PauloEduardoOficial,renovamidia,Text mention
Q2,666414,PauloEduardoOficial,renovamidia,Text mention
Q1,708219,biakicisoficial,correiobraziliense,Text mention
Q1,708453,DeputadoVitorHugo,uol,Text mention
Q1,708886,PastorMarcoFeliciano,estadao,Text mention
Q1,708886,PastorMarcoFeliciano,uol,Text mention
Q1,709145,biakicisoficial,aosfatos,Text mention
Q1,709145,biakicisoficial,uol,Text mention
Q1,712822,deputadofederalzesilva,veja,Text mention
Q1,759382,carolinerdetoni,gazetadopovo,Text mention
Q1,759382,carolinerdetoni,uol,Text mention
Q1,759382,carolinerdetoni,correiobraziliense,Text mention
Q1,773757,kimkataguiri,oglobo.globo,Text mention
Q1,788815,bolsonaro.enb,oglobo.globo,Text mention
Q2,788815,bolsonaro.enb,oglobo.globo,Text mention
Q1,788815,bolsonaro.enb,oglobo.globo,Text mention
Q2,788815,bolsonaro.enb,oglobo.globo,Text mention
Q1,788815,bolsonaro.enb,glo.bo,Text mention
Q2,788815,bolsonaro.enb,glo.bo,Text mention
Q1,788847,baleia.rossi,folha,Text mention
Q2,788847,baleia.rossi,folha,Text mention
Q1,790876,camilocapiberibe,estadao,Text mention
Q2,790876,camilocapiberibe,estadao,Text mention
Q1,791217,deputadomarcon,estadao,Text mention
Q2,791217,deputadomarcon,estadao,Text mention
Q1,791304,taliriapetronepsol,folha,Text mention
Q2,791304,taliriapetronepsol,folha,Text mention
Q1,791415,helder.salomao.1350,folha,Text mention
Q2,791415,helder.salomao.1350,folha,Text mention
Q1,794081,IvanValentePSOL,washingtonpost,Text mention
Q2,794081,IvanValentePSOL,washingtonpost,Text mention
Q1,794081,IvanValentePSOL,veja,Text mention
Q2,794081,IvanValentePSOL,veja,Text mention
Q1,794092,depchinaglia,washingtonpost,Text mention
Q2,794092,depchinaglia,washingtonpost,Text mention
Q1,794092,depchinaglia,veja,Text mention
Q2,794092,depchinaglia,veja,Text mention
Q1,794092,depchinaglia,veja,Text mention
Q2,794092,depchinaglia,veja,Text mention
Q1,794092,depchinaglia,washingtonpost,Text mention
Q2,794092,depchinaglia,washingtonpost,Text mention
Q1,817513,biakicisoficial,uol,Text mention
Q2,817513,biakicisoficial,uol,Text mention
Q1,819033,carolinerdetoni,tercalivre,Text mention
Q2,819033,carolinerdetoni,tercalivre,Text mention
Q1,827244,filipebarrosoficial,pleno.news,Text mention
Q1,827522,soumararocha,folha,Text mention
Q2,827522,soumararocha,folha,Text mention
Q1,829104,marcelvh,jovempan,Text mention
Q1,829104,marcelvh,jovempan,Text mention
Q1,829104,marcelvh,jovempan,Text mention
Q1,829290,carlosjordyoficial,veja,Text mention
Q2,829290,carlosjordyoficial,veja,Text mention
Q1,829374,filipebarrosoficial,jovempan,Text mention
Q2,829374,filipebarrosoficial,jovempan,Text mention
Q1,829374,filipebarrosoficial,jovempan,Text mention
Q2,829374,filipebarrosoficial,jovempan,Text mention
Q1,832001,carlosjordyoficial,g1.globo,Text mention
Q2,832001,carlosjordyoficial,g1.globo,Text mention
Q1,832916,carlosjordyoficial,pleno.news,Text mention
Q2,832916,carlosjordyoficial,pleno.news,Text mention
Q1,832990,filipebarrosoficial,jovempan,Text mention
Q2,832990,filipebarrosoficial,jovempan,Text mention
Q1,833156,filipebarrosoficial,jovempan,Text mention
Q2,833156,filipebarrosoficial,jovempan,Text mention
Q1,835719,biakicisoficial,oglobo.globo,Text mention
Q1,840770,bibonunes,jovempan,Text mention
Q1,840770,bibonunes,jovempan,Text mention
Q1,842156,bibonunes,jovempan,Text mention
Q1,843130,carlosjordyoficial,istoe,Text mention
Q1,847209,bolsonaro.enb,jovempan,Text mention
Q2,847209,bolsonaro.enb,jovempan,Text mention
Q1,847371,AleSilvaOficial,cnn,Text mention
Q2,847371,AleSilvaOficial,cnn,Text mention
Q1,847466,carlosjordyoficial,pleno.news,Text mention
Q2,847466,carlosjordyoficial,pleno.news,Text mention
Q1,847466,carlosjordyoficial,pleno.news,Text mention
Q2,847466,carlosjordyoficial,pleno.news,Text mention
Q1,848123,drasorayamanato,cnn,Text mention
Q2,848123,drasorayamanato,cnn,Text mention
Q1,849788,coronel.armando,poder360,Text mention
Q2,849788,coronel.armando,poder360,Text mention
Q1,849788,coronel.armando,poder360,Text mention
Q2,849788,coronel.armando,poder360,Text mention
Q1,849788,coronel.armando,poder360,Text mention
Q2,849788,coronel.armando,poder360,Text mention
Q1,851514,filipebarrosoficial,jovempan,Text mention
Q2,851514,filipebarrosoficial,jovempan,Text mention
Q1,851550,carlosjordyoficial,poder360,Text mention
Q2,851550,carlosjordyoficial,poder360,Text mention
Q1,854754,carlosjordyoficial,pleno.news,Text mention
Q2,854754,carlosjordyoficial,pleno.news,Text mention
Q1,856876,depdanielfreitas,pleno.news,Text mention
Q1,856876,depdanielfreitas,pleno.news,Text mention
Q1,856876,depdanielfreitas,pleno.news,Text mention
Q1,856876,depdanielfreitas,pleno.news,Text mention
Q1,856876,depdanielfreitas,pleno.news,Text mention
Q1,857183,carlosjordyoficial,pleno.news,Text mention
Q1,858257,sergiosouzaPR,glo.bo,Text mention
Q1,858257,sergiosouzaPR,glo.bo,Text mention
Q1,858257,sergiosouzaPR,glo.bo,Text mention
Q1,859066,carlosjordyoficial,folha,Text mention
Q2,859066,carlosjordyoficial,folha,Text mention
Q1,859598,niltotattosp,folha,Text mention
Q2,859598,niltotattosp,folha,Text mention
Q1,859673,fernandapsol,g1.globo,Text mention
Q2,859673,fernandapsol,g1.globo,Text mention
Q1,860821,ZambelliOficial,poder360,Text mention
Q1,860821,ZambelliOficial,poder360,Text mention
Q1,860821,ZambelliOficial,poder360,Text mention
Q1,860821,ZambelliOficial,poder360,Text mention
Q1,874962,carlosjordyoficial,istoe,Text mention
Q2,874962,carlosjordyoficial,istoe,Text mention
Q1,874962,carlosjordyoficial,istoe,Text mention
Q2,874962,carlosjordyoficial,istoe,Text mention
Q1,877133,filipebarrosoficial,istoe,Text mention
Q2,877133,filipebarrosoficial,istoe,Text mention
Q1,878972,deputadaaliceportugal,poder360,Text mention
Q2,878972,deputadaaliceportugal,poder360,Text mention
Q1,882844,bohngass13,cnnbrasil,Text mention
Q2,882844,bohngass13,cnnbrasil,Text mention
Q1,884029,filipebarrosoficial,glo.bo,Text mention
Q1,884029,filipebarrosoficial,oglobo.globo,Text mention
Q1,884284,DeputadoVitorHugo,cnnbrasil,Text mention
Q2,884284,DeputadoVitorHugo,cnnbrasil,Text mention
Q1,886096,guimaraes13pt,g1.globo,Text mention
Q2,886096,guimaraes13pt,g1.globo,Text mention
Q1,886260,carlosveraspt,folha,Text mention
Q2,886260,carlosveraspt,folha,Text mention
Q1,886260,carlosveraspt,folha,Text mention
Q2,886260,carlosveraspt,folha,Text mention
Q1,886318,fernandapsol,g1.globo,Text mention
Q2,886318,fernandapsol,g1.globo,Text mention
Q1,894934,kimkataguiri,oantagonista,Text mention
Q1,897751,onelsonbarbudo,cnnbrasil,Text mention
Q1,898243,carlosjordyoficial,pleno.news,Text mention
Q1,898255,PauloEduardoOficial,cnnbrasil,Text mention
Q1,902238,filipebarrosoficial,brasilsemmedo,Text mention
Q2,902238,filipebarrosoficial,brasilsemmedo,Text mention
Q1,904196,JandiraFeghaliOficial,folha,Text mention
Q2,904196,JandiraFeghaliOficial,folha,Text mention
Q1,904196,JandiraFeghaliOficial,folha,Text mention
Q2,904196,JandiraFeghaliOficial,folha,Text mention
Q1,904196,JandiraFeghaliOficial,folha,Text mention
Q2,904196,JandiraFeghaliOficial,folha,Text mention
Q1,906143,filipebarrosoficial,terrabrasilnoticias,Text mention
Q1,907958,marciojerry,uol,Text mention
Q1,907958,marciojerry,folha,Text mention
Q1,912521,filipebarrosoficial,terrabrasilnoticias,Text mention
Q2,912521,filipebarrosoficial,terrabrasilnoticias,Text mention
Q1,913563,filipebarrosoficial,pleno.news,Text mention
Q2,913563,filipebarrosoficial,pleno.news,Text mention
Q1,915650,biakicisoficial,pleno.news,Text mention
Q2,915650,biakicisoficial,pleno.news,Text mention
Q1,916323,carlosjordyoficial,gazetadopovo,Text mention
Q1,916323,carlosjordyoficial,gazetadopovo,Text mention
Q1,918116,biakicisoficial,pleno.news,Text mention
Q2,918116,biakicisoficial,pleno.news,Text mention
Q1,918224,depheliolopes,glo.bo,Text mention
Q1,918224,depheliolopes,jovempan,Text mention
Q1,918936,filipebarrosoficial,terrabrasilnoticias,Text mention
Q1,920058,filipebarrosoficial,pleno.news,Text mention
Q2,920058,filipebarrosoficial,pleno.news,Text mention
Q1,920558,cabojunioamaral,g1.globo,Text mention
Q2,920558,cabojunioamaral,g1.globo,Text mention
Q1,920940,fernandapsol,uol,Text mention
Q2,920940,fernandapsol,uol,Text mention
Q1,921648,carlosjordyoficial,yahoo,Text mention
Q2,921648,carlosjordyoficial,yahoo,Text mention
Q1,921684,coronel.armando,cnn,Text mention
Q2,921684,coronel.armando,cnn,Text mention
Q1,922495,filipebarrosoficial,pleno.news,Text mention
Q2,922495,filipebarrosoficial,pleno.news,Text mention
Q1,923122,depjorgesolla,folha,Text mention
Q2,923122,depjorgesolla,folha,Text mention
Q1,923460,IvanValentePSOL,folha,Text mention
Q2,923460,IvanValentePSOL,folha,Text mention
Q1,923781,niltotattosp,folha,Text mention
Q2,923781,niltotattosp,folha,Text mention
Q1,924383,carlosjordyoficial,cnn,Text mention
Q1,924564,filipebarrosoficial,terrabrasilnoticias,Text mention
Q2,924564,filipebarrosoficial,terrabrasilnoticias,Text mention
Q1,924655,filipebarrosoficial,terrabrasilnoticias,Text mention
Q1,925918,biakicisoficial,terrabrasilnoticias,Text mention
Q1,926479,PauloEduardoOficial,folha,Text mention
Q2,926479,PauloEduardoOficial,folha,Text mention
Q1,926479,PauloEduardoOficial,folha,Text mention
Q2,926479,PauloEduardoOficial,folha,Text mention
Q1,926479,PauloEduardoOficial,folha,Text mention
Q2,926479,PauloEduardoOficial,folha,Text mention
Q1,926479,PauloEduardoOficial,folha,Text mention
Q2,926479,PauloEduardoOficial,folha,Text mention
Q1,926479,PauloEduardoOficial,folha,Text mention
Q2,926479,PauloEduardoOficial,folha,Text mention
Q1,927139,AleSilvaOficial,poder360,Text mention
Q2,927139,AleSilvaOficial,poder360,Text mention
Q1,927471,loestertrutisdep,veja,Text mention
Q2,927471,loestertrutisdep,veja,Text mention
Q1,928441,filipebarrosoficial,pleno.news,Text mention
Q2,928441,filipebarrosoficial,pleno.news,Text mention
Q1,928473,carlosjordyoficial,uol,Text mention
Q2,928473,carlosjordyoficial,uol,Text mention
Q1,928727,orlandosilvasp,midianinja,Text mention
Q1,930450,generalgirao,jovempan,Text mention
Q2,930450,generalgirao,jovempan,Text mention
Q1,930557,depdanielalmeida,veja,Text mention
Q1,931376,luistibeoficial,veja,Text mention
Q1,931651,filipebarrosoficial,g1.globo,Text mention
Q2,931651,filipebarrosoficial,g1.globo,Text mention
Q1,932288,adriventurasp,veja,Text mention
Q1,935134,padrejoao,veja,Text mention
Q1,938871,filipebarrosoficial,jovempan,Text mention
Q2,938871,filipebarrosoficial,jovempan,Text mention
Q1,938871,filipebarrosoficial,jovempan,Text mention
Q2,938871,filipebarrosoficial,jovempan,Text mention
Q1,939255,padrejoao,veja,Text mention
Q1,940276,deputadojoaocampos,cnnbrasil,Text mention
Q1,945236,carlosjordyoficial,pleno.news,Text mention
Q1,950923,pauloguedesmg,veja,Text mention
Q1,952264,eduardobismarckce,veja,Text mention
Q1,952741,drluizovando,gazetadopovo,Text mention
Q2,952741,drluizovando,gazetadopovo,Text mention
Q1,953302,coronel.armando,gazetadopovo,Text mention
Q2,953302,coronel.armando,gazetadopovo,Text mention
Q1,953386,coroneltadeu,gazetadopovo,Text mention
Q2,953386,coroneltadeu,gazetadopovo,Text mention
Q1,953533,IvanValentePSOL,cnnbrasil,Text mention
Q1,960569,deputadomarcon,veja,Text mention
Q1,960938,nereucrispim,veja,Text mention
Q1,962806,filipebarrosoficial,glo.bo,Text mention
Q2,962806,filipebarrosoficial,glo.bo,Text mention
Q1,962832,chicodangelo,veja,Text mention
Q2,962832,chicodangelo,veja,Text mention
Q1,966629,deputadorogeriocorreia,veja,Text mention
Q2,966629,deputadorogeriocorreia,veja,Text mention
Q1,969582,filipebarrosoficial,g1.globo,Text mention
Q1,971385,rfalcao13,veja,Text mention
Q1,971732,AleSilvaOficial,pleno.news,Text mention
Q1,971737,PauloTeixeira13,folha,Text mention
Q2,971737,PauloTeixeira13,folha,Text mention
Q1,971737,PauloTeixeira13,folha,Text mention
Q2,971737,PauloTeixeira13,folha,Text mention
Q1,971737,PauloTeixeira13,folha,Text mention
Q2,971737,PauloTeixeira13,folha,Text mention
Q1,977248,filipebarrosoficial,estadao,Text mention
Q2,977248,filipebarrosoficial,estadao,Text mention
Q1,977248,filipebarrosoficial,estadao,Text mention
Q2,977248,filipebarrosoficial,estadao,Text mention
Q1,977547,josemedeirosMT,estadao,Text mention
Q2,977547,josemedeirosMT,estadao,Text mention
Q1,977547,josemedeirosMT,estadao,Text mention
Q2,977547,josemedeirosMT,estadao,Text mention
Q1,979322,rafaelmottarn,estadao,Text mention
Q1,992908,biakicisoficial,pleno.news,Text mention
Q1,997140,marcelvh,jovempan,Text mention
Q2,997140,marcelvh,jovempan,Text mention
Q1,998067,filipebarrosoficial,gazetadopovo,Text mention
Q2,998067,filipebarrosoficial,gazetadopovo,Text mention
Q1,998416,deputadosanderson,jovempan,Text mention
Q2,998416,deputadosanderson,jovempan,Text mention
Q1,999225,filipebarrosoficial,pleno.news,Text mention
Q2,999225,filipebarrosoficial,pleno.news,Text mention
Q1,999307,filipebarrosoficial,pleno.news,Text mention
Q1,999742,filipebarrosoficial,cnn,Text mention
Q2,999742,filipebarrosoficial,cnn,Text mention
Q1,999759,carlosjordyoficial,cnnbrasil,Text mention
Q2,999759,carlosjordyoficial,cnnbrasil,Text mention
Q1,1000102,marcelvh,jovempan,Text mention
Q2,1000102,marcelvh,jovempan,Text mention
Q1,1000155,carlosjordyoficial,jovempan,Text mention
Q1,1000155,carlosjordyoficial,jovempan,Text mention
Q1,1000172,filipebarrosoficial,pleno.news,Text mention
Q1,1000224,filipebarrosoficial,cnn,Text mention
Q1,1000224,filipebarrosoficial,cnn,Text mention
Q1,1000260,niltotattosp,folha,Text mention
Q1,1000372,carlosjordyoficial,uol,Text mention
Q2,1000372,carlosjordyoficial,uol,Text mention
Q1,1000442,samia.bomfim.psol,uol,Text mention
Q2,1000442,samia.bomfim.psol,uol,Text mention
Q1,1000447,onelsonbarbudo,oantagonista,Text mention
Q2,1000447,onelsonbarbudo,oantagonista,Text mention
Q1,1000528,majorfabiana,oantagonista,Text mention
Q2,1000528,majorfabiana,oantagonista,Text mention
Q1,1000570,DelegadoPablo,cnnbrasil,Text mention
Q2,1000570,DelegadoPablo,cnnbrasil,Text mention
Q1,1000572,marceloalvaroantonio,jovempan,Text mention
Q2,1000572,marceloalvaroantonio,jovempan,Text mention
Q1,1000591,diegogarciapr,cnnbrasil,Text mention
Q2,1000591,diegogarciapr,cnnbrasil,Text mention
Q1,1000591,diegogarciapr,cnnbrasil,Text mention
Q2,1000591,diegogarciapr,cnnbrasil,Text mention
Q1,1000872,deputadorogeriocorreia,glo.bo,Text mention
Q2,1000872,deputadorogeriocorreia,glo.bo,Text mention
Q1,1001511,filipebarrosoficial,pleno.news,Text mention
Q2,1001511,filipebarrosoficial,pleno.news,Text mention
Q1,1003180,pauloganime,jovempan,Text mention
Q2,1003180,pauloganime,jovempan,Text mention
Q1,1004269,diegogarciapr,jovempan,Text mention
Q2,1004269,diegogarciapr,jovempan,Text mention
Q1,1004362,policialkatiasastre,oantagonista,Text mention
Q2,1004362,policialkatiasastre,oantagonista,Text mention
Q1,1004391,delegadofeliciolaterca,oantagonista,Text mention
Q2,1004391,delegadofeliciolaterca,oantagonista,Text mention
Q1,1004536,oficialluizlima,glo.bo,Text mention
Q2,1004536,oficialluizlima,glo.bo,Text mention
Q1,1004536,oficialluizlima,folha,Text mention
Q2,1004536,oficialluizlima,folha,Text mention
Q1,1004536,oficialluizlima,uol,Text mention
Q2,1004536,oficialluizlima,uol,Text mention
Q1,1006926,filipebarrosoficial,pleno.news,Text mention
Q1,1006943,filipebarrosoficial,veja,Text mention
Q1,1007079,onelsonbarbudo,terrabrasilnoticias,Text mention
Q2,1007079,onelsonbarbudo,terrabrasilnoticias,Text mention
Q1,1007098,coronel.armando,glo.bo,Text mention
Q2,1007098,coronel.armando,glo.bo,Text mention
Q1,1007314,filipebarrosoficial,terrabrasilnoticias,Text mention
Q2,1007314,filipebarrosoficial,terrabrasilnoticias,Text mention
Q1,1007673,filipebarrosoficial,terrabrasilnoticias,Text mention
Q1,1007852,filipebarrosoficial,pleno.news,Text mention
Q2,1007852,filipebarrosoficial,pleno.news,Text mention
Q1,1008865,joaocarlosgurgel,cnn,Text mention
Q2,1008865,joaocarlosgurgel,cnn,Text mention
Q1,1011857,bohngass13,estadao,Text mention
Q1,1012354,filipebarrosoficial,cnnbrasil,Text mention
Q1,1012354,filipebarrosoficial,cnn,Text mention
Q1,1013001,coronel.armando,jovempan,Text mention
Q2,1013001,coronel.armando,jovempan,Text mention
Q1,1013508,JandiraFeghaliOficial,folha,Text mention
Q2,1013508,JandiraFeghaliOficial,folha,Text mention
Q1,1013530,niltotattosp,folha,Text mention
Q1,1016431,drluizovando,oglobo.globo,Text mention
Q2,1016431,drluizovando,oglobo.globo,Text mention
Q1,1016431,drluizovando,oglobo.globo,Text mention
Q2,1016431,drluizovando,oglobo.globo,Text mention
Q1,1016492,deputadaaliceportugal,folha,Text mention
Q2,1016492,deputadaaliceportugal,folha,Text mention
Q1,1016947,ZambelliOficial,cnn,Text mention
Q2,1016947,ZambelliOficial,cnn,Text mention
Q1,1017324,airtonfaleiropt,veja,Text mention
Q1,1017754,marcelvh,oantagonista,Text mention
Q1,1017777,ZambelliOficial,oantagonista,Text mention
Q2,1017777,ZambelliOficial,oantagonista,Text mention
Q1,1018563,soumararocha,glo.bo,Text mention
Q1,1018755,marcelvh,jovempan,Text mention
Q2,1018755,marcelvh,jovempan,Text mention
Q1,1018755,marcelvh,glo.bo,Text mention
Q2,1018755,marcelvh,glo.bo,Text mention
Q1,1019254,filipebarrosoficial,pleno.news,Text mention
Q2,1019254,filipebarrosoficial,pleno.news,Text mention
Q1,1019254,filipebarrosoficial,wsj,Text mention
Q2,1019254,filipebarrosoficial,wsj,Text mention
Q1,1021395,deputadosanderson,jovempan,Text mention
Q2,1021395,deputadosanderson,jovempan,Text mention
Q1,1021460,ZambelliOficial,oantagonista,Text mention
Q2,1021460,ZambelliOficial,oantagonista,Text mention
Q1,1022581,adriventurasp,folha,Text mention
Q2,1022581,adriventurasp,folha,Text mention
Q1,1022687,carlosjordyoficial,poder360,Text mention
Q2,1022687,carlosjordyoficial,poder360,Text mention
Q1,1022724,marcelvh,uol,Text mention
Q1,1022725,marcelvh,uol,Text mention
Q1,1022896,filipebarrosoficial,pleno.news,Text mention
Q1,1022937,marcelvh,jovempan,Text mention
Q2,1022937,marcelvh,jovempan,Text mention
Q1,1022937,marcelvh,jovempan,Text mention
Q2,1022937,marcelvh,jovempan,Text mention
Q1,1022937,marcelvh,jovempan,Text mention
Q2,1022937,marcelvh,jovempan,Text mention
Q1,1022937,marcelvh,jovempan,Text mention
Q2,1022937,marcelvh,jovempan,Text mention
Q1,1023270,delegadomarcelofreitas,jovempan,Text mention
Q1,1023270,delegadomarcelofreitas,cnn,Text mention
Q1,1023270,delegadomarcelofreitas,jovempan,Text mention
Q1,1023679,filipebarrosoficial,glo.bo,Text mention
Q2,1023679,filipebarrosoficial,glo.bo,Text mention
Q1,1023707,PauloEduardoOficial,jovempan,Text mention
Q2,1023707,PauloEduardoOficial,jovempan,Text mention
Q1,1023707,PauloEduardoOficial,jovempan,Text mention
Q2,1023707,PauloEduardoOficial,jovempan,Text mention
Q1,1026853,PauloEduardoOficial,estadao,Text mention
Q2,1026853,PauloEduardoOficial,estadao,Text mention
Q1,1026853,PauloEduardoOficial,estadao,Text mention
Q2,1026853,PauloEduardoOficial,estadao,Text mention
Q1,1027887,filipebarrosoficial,pleno.news,Text mention
Q1,1029994,ZambelliOficial,oglobo.globo,Text mention
Q2,1029994,ZambelliOficial,oglobo.globo,Text mention
Q1,1033997,renataabreu1919,jovempan,Text mention
Q1,1036640,gleisi.hoffmann,glo.bo,Text mention
Q1,1037060,marcospereira1010,veja,Text mention
Q1,1039020,rubenspereirajrs,veja,Text mention
Q1,1040107,deputadomisaelvarella,veja,Text mention
Q1,1043110,ZambelliOficial,jovempan,Text mention
Q2,1043110,ZambelliOficial,jovempan,Text mention
Q1,1043930,LidicedaMata,veja,Text mention
Q1,1069572,fernandapsol,glo.bo,Text mention
Q2,1069572,fernandapsol,glo.bo,Text mention
Q1,1070403,deputadohenriquefontana,g1.globo,Text mention
Q1,1070403,deputadohenriquefontana,g1.globo,Text mention
Q1,1083295,filipebarrosoficial,poder360,Text mention
Q1,1089802,oficialluizlima,glo.bo,Text mention
Q2,1089802,oficialluizlima,glo.bo,Text mention
Q1,1089802,oficialluizlima,g1.globo,Text mention
Q2,1089802,oficialluizlima,g1.globo,Text mention
Q1,1089802,oficialluizlima,g1.globo,Text mention
Q2,1089802,oficialluizlima,g1.globo,Text mention
Q1,1091546,DelegadoAntonioFurtado,folha,Text mention
Q2,1091546,DelegadoAntonioFurtado,folha,Text mention
Q1,1093955,DepCoronelChrisostomo,g1.globo,Text mention
Q2,1093955,DepCoronelChrisostomo,g1.globo,Text mention
Q1,1094248,kimkataguiri,cnnbrasil,Text mention
Q1,1094548,drluizovando,bbc,Text mention
Q1,1096194,filipebarrosoficial,pleno.news,Text mention
Q2,1096194,filipebarrosoficial,pleno.news,Text mention
Q1,1097984,filipebarrosoficial,pleno.news,Text mention
Q2,1097984,filipebarrosoficial,pleno.news,Text mention
Q1,1113709,drasorayamanato,uol,Text mention
Q2,1113709,drasorayamanato,uol,Text mention
Q1,1114897,filipebarrosoficial,glo.bo,Text mention
Q2,1114897,filipebarrosoficial,glo.bo,Text mention
Q1,1114897,filipebarrosoficial,glo.bo,Text mention
Q2,1114897,filipebarrosoficial,glo.bo,Text mention
Q1,1115021,filipebarrosoficial,glo.bo,Text mention
Q2,1115021,filipebarrosoficial,glo.bo,Text mention
Q1,1115170,carlosjordyoficial,veja,Text mention
Q2,1115170,carlosjordyoficial,veja,Text mention
Q1,1115170,carlosjordyoficial,glo.bo,Text mention
Q2,1115170,carlosjordyoficial,glo.bo,Text mention
Q1,1115170,carlosjordyoficial,veja,Text mention
Q2,1115170,carlosjordyoficial,veja,Text mention
Q1,1115170,carlosjordyoficial,glo.bo,Text mention
Q2,1115170,carlosjordyoficial,glo.bo,Text mention
Q1,1118584,Dep.Joeniawapichana,midianinja,Text mention
Q1,1125619,biakicisoficial,pleno.news,Text mention
Q2,1125619,biakicisoficial,pleno.news,Text mention
Q1,1132203,blogdabenedita,washingtonpost,Text mention
Q2,1132203,blogdabenedita,washingtonpost,Text mention
Q1,1133135,viniciuscarvalhooficial,r7,Text mention
Q2,1133135,viniciuscarvalhooficial,r7,Text mention
Q1,1139374,ZambelliOficial,gazetadopovo,Text mention
Q2,1139374,ZambelliOficial,gazetadopovo,Text mention
Q1,1160144,generalgirao,cnn,Text mention
Q2,1160144,generalgirao,cnn,Text mention
Q1,1168115,bolsonaro.enb,tercalivre,Text mention
Q2,1168115,bolsonaro.enb,tercalivre,Text mention
Q1,1170292,MolonRJ,estadao,Text mention
Q2,1170292,MolonRJ,estadao,Text mention
Q1,1170745,filipebarrosoficial,gazetadopovo,Text mention
Q2,1170745,filipebarrosoficial,gazetadopovo,Text mention
Q1,1170745,filipebarrosoficial,gazetadopovo,Text mention
Q2,1170745,filipebarrosoficial,gazetadopovo,Text mention
Q1,1173096,filipebarrosoficial,brasilsemmedo,Text mention
Q2,1173096,filipebarrosoficial,brasilsemmedo,Text mention
Q1,1173096,filipebarrosoficial,brasilsemmedo,Text mention
Q2,1173096,filipebarrosoficial,brasilsemmedo,Text mention
Q1,1173439,DelegadoAntonioFurtado,veja,Text mention
Q2,1173439,DelegadoAntonioFurtado,veja,Text mention
Q1,1175102,filipebarrosoficial,folha,Text mention
Q2,1175102,filipebarrosoficial,folha,Text mention
Q1,1175102,filipebarrosoficial,folha,Text mention
Q2,1175102,filipebarrosoficial,folha,Text mention
Q1,1175102,filipebarrosoficial,folha,Text mention
Q2,1175102,filipebarrosoficial,folha,Text mention
Q1,1179321,deputadohenriquefontana,cartacapital,Text mention
Q2,1179321,deputadohenriquefontana,cartacapital,Text mention
Q1,1179321,deputadohenriquefontana,cartacapital,Text mention
Q2,1179321,deputadohenriquefontana,cartacapital,Text mention
Q1,1182593,DeputadoVitorHugo,poder360,Text mention
Q2,1182593,DeputadoVitorHugo,poder360,Text mention
Q1,1183885,filipebarrosoficial,pleno.news,Text mention
Q1,1187047,carlosjordyoficial,cnn,Text mention
Q1,1188001,filipebarrosoficial,cnn,Text mention
Q1,1191816,joicehasselmann,veja,Text mention
Q1,1191989,DeputadoBetoFaro,uol,Text mention
Q1,1192001,RobertoAlvesRepublicanos,veja,Text mention
Q1,1192499,marceloalvaroantonio,folha,Text mention
Q1,1195344,generalgirao,pleno.news,Text mention
Q2,1195344,generalgirao,pleno.news,Text mention
Q1,1195344,generalgirao,pleno.news,Text mention
Q2,1195344,generalgirao,pleno.news,Text mention
Q1,1195544,carlosjordyoficial,folha,Text mention
Q2,1195544,carlosjordyoficial,folha,Text mention
Q1,1196297,samuelmoreiraregistro,estadao,Text mention
Q1,1196448,lpbragancabr,folha,Text mention
Q2,1196448,lpbragancabr,folha,Text mention
Q1,1196452,joseneltooficial,uol,Text mention
Q2,1196452,joseneltooficial,uol,Text mention
Q1,1196532,paulabelmonteoficial,estadao,Text mention
Q2,1196532,paulabelmonteoficial,estadao,Text mention
Q1,1196608,alexmanente,glo.bo,Text mention
Q2,1196608,alexmanente,glo.bo,Text mention
Q1,1197214,PauloTeixeira13,folha,Text mention
Q1,1197214,PauloTeixeira13,folha,Text mention
Q1,1197634,onelsonbarbudo,folha,Text mention
Q2,1197634,onelsonbarbudo,folha,Text mention
Q1,1197635,MagdaMofatto.Goias,folha,Text mention
Q2,1197635,MagdaMofatto.Goias,folha,Text mention
Q1,1197635,MagdaMofatto.Goias,estadao,Text mention
Q2,1197635,MagdaMofatto.Goias,estadao,Text mention
Q1,1197673,ZambelliOficial,folha,Text mention
Q2,1197673,ZambelliOficial,folha,Text mention
Q1,1200601,DeputadoVitorHugo,pleno.news,Text mention
Q2,1200601,DeputadoVitorHugo,pleno.news,Text mention
Q1,1200801,glaustindafokus,veja,Text mention
Q1,1200819,DelegadoAntonioFurtado,veja,Text mention
Q1,1200913,carlosjordyoficial,pleno.news,Text mention
Q2,1200913,carlosjordyoficial,pleno.news,Text mention
Q1,1202820,lpbragancabr,tercalivre,Text mention
Q1,1203017,filipebarrosoficial,folha,Text mention
Q1,1206814,bolsonaro.enb,veja,Text mention
Q2,1206814,bolsonaro.enb,veja,Text mention
Q1,1208986,biakicisoficial,veja,Text mention
Q1,1209583,deputadohenriquefontana,oglobo.globo,Text mention
Q1,1209583,deputadohenriquefontana,poder360,Text mention
Q1,1211715,filipebarrosoficial,gazetadopovo,Text mention
Q2,1211715,filipebarrosoficial,gazetadopovo,Text mention
Q1,1212968,alexmanente,oantagonista,Text mention
Q2,1212968,alexmanente,oantagonista,Text mention
Q1,1212968,alexmanente,oantagonista,Text mention
Q2,1212968,alexmanente,oantagonista,Text mention
Q1,1213113,filipebarrosoficial,gazetadopovo,Text mention
Q1,1213615,ZambelliOficial,jovempan,Text mention
Q2,1213615,ZambelliOficial,jovempan,Text mention
Q1,1214469,ZambelliOficial,jovempan,Text mention
Q1,1214469,ZambelliOficial,jovempan,Text mention
Q1,1214844,filipebarrosoficial,tercalivre,Text mention
Q2,1214844,filipebarrosoficial,tercalivre,Text mention
Q1,1215095,pauloramosrio,oglobo.globo,Text mention
Q1,1216207,margaretecoelho.castro,estadao,Text mention
Q2,1216207,margaretecoelho.castro,estadao,Text mention
Q1,1216405,josemedeirosMT,poder360,Text mention
Q1,1216409,pauloramosrio,oglobo.globo,Text mention
Q1,1216869,depheliolopes,poder360,Text mention
Q2,1216869,depheliolopes,poder360,Text mention
Q1,1217124,freixo.marcelo,oglobo.globo,Text mention
Q2,1217124,freixo.marcelo,oglobo.globo,Text mention
Q1,1217248,filipebarrosoficial,folha,Text mention
Q1,1217845,joseneltooficial,poder360,Text mention
Q1,1218031,generalgirao,poder360,Text mention
Q2,1218031,generalgirao,poder360,Text mention
Q1,1218049,DeputadoVitorHugo,poder360,Text mention
Q1,1218049,DeputadoVitorHugo,folha,Text mention
Q1,1219401,alexmanente,oglobo.globo,Text mention
Q1,1220348,PauloEduardoOficial,oantagonista,Text mention
Q2,1220348,PauloEduardoOficial,oantagonista,Text mention
Q1,1223205,carlosjordyoficial,pleno.news,Text mention
Q2,1223205,carlosjordyoficial,pleno.news,Text mention
Q1,1223395,coronel.armando,pleno.news,Text mention
Q2,1223395,coronel.armando,pleno.news,Text mention
Q1,1224576,filipebarrosoficial,pleno.news,Text mention
Q2,1224576,filipebarrosoficial,pleno.news,Text mention
Q1,1225068,PauloEduardoOficial,gazetadopovo,Text mention
Q2,1225068,PauloEduardoOficial,gazetadopovo,Text mention
Q1,1225335,joseneltooficial,oantagonista,Text mention
Q2,1225335,joseneltooficial,oantagonista,Text mention
Q1,1225335,joseneltooficial,oantagonista,Text mention
Q2,1225335,joseneltooficial,oantagonista,Text mention
Q1,1226386,DeputadoVitorHugo,correiobraziliense,Text mention
Q2,1226386,DeputadoVitorHugo,correiobraziliense,Text mention
Q1,1228107,joseneltooficial,jovempan,Text mention
Q2,1228107,joseneltooficial,jovempan,Text mention
Q1,1228444,bibonunes,jovempan,Text mention
Q1,1228503,coronel.armando,cnn,Text mention
Q1,1228849,filipebarrosoficial,jovempan,Text mention
Q1,1228849,filipebarrosoficial,jovempan,Text mention
Q1,1229060,joseneltooficial,jovempan,Text mention
Q1,1229060,joseneltooficial,jovempan,Text mention
Q1,1229974,carlosjordyoficial,veja,Text mention
Q2,1229974,carlosjordyoficial,veja,Text mention
Q1,1229977,carolinerdetoni,gazetadopovo,Text mention
Q2,1229977,carolinerdetoni,gazetadopovo,Text mention
Q1,1229998,lpbragancabr,veja,Text mention
Q2,1229998,lpbragancabr,veja,Text mention
Q1,1230320,LeoMoraes.19,r7,Text mention
Q2,1230320,LeoMoraes.19,r7,Text mention
Q1,1230509,filipebarrosoficial,veja,Text mention
Q2,1230509,filipebarrosoficial,veja,Text mention
Q1,1230509,filipebarrosoficial,veja,Text mention
Q2,1230509,filipebarrosoficial,veja,Text mention
Q1,1231140,ViniciusPoit,gazetadopovo,Text mention
Q2,1231140,ViniciusPoit,gazetadopovo,Text mention
Q1,1231140,ViniciusPoit,gazetadopovo,Text mention
Q2,1231140,ViniciusPoit,gazetadopovo,Text mention
Q1,1231140,ViniciusPoit,gazetadopovo,Text mention
Q2,1231140,ViniciusPoit,gazetadopovo,Text mention
Q1,1232338,ZambelliOficial,veja,Text mention
Q2,1232338,ZambelliOficial,veja,Text mention
Q1,1236981,PauloTeixeira13,midianinja,Text mention
Q2,1236981,PauloTeixeira13,midianinja,Text mention
Q1,1237181,bibonunes,brasilsemmedo,Text mention
Q2,1237181,bibonunes,brasilsemmedo,Text mention
Q1,1237204,rosemodestoms,cnn,Text mention
Q2,1237204,rosemodestoms,cnn,Text mention
Q1,1238568,coronel.armando,glo.bo,Text mention
Q2,1238568,coronel.armando,glo.bo,Text mention
Q1,1240173,carolinerdetoni,cartacapital,Text mention
Q2,1240173,carolinerdetoni,cartacapital,Text mention
Q1,1246624,DeputadoTadeuAlencar,folha,Text mention
Q2,1246624,DeputadoTadeuAlencar,folha,Text mention
Q1,1249725,ClarissaGarotinhoRJ,brasilsemmedo,Text mention
Q2,1249725,ClarissaGarotinhoRJ,brasilsemmedo,Text mention
Q1,1249725,ClarissaGarotinhoRJ,istoe,Text mention
Q2,1249725,ClarissaGarotinhoRJ,istoe,Text mention
Q1,1252236,deputadorogeriocorreia,uol,Text mention
Q2,1252236,deputadorogeriocorreia,uol,Text mention
Q1,1252309,marcelvh,veja,Text mention
Q2,1252309,marcelvh,veja,Text mention
Q1,1253816,bolsonaro.enb,estadao,Text mention
Q2,1253816,bolsonaro.enb,estadao,Text mention
Q1,1253900,depjorgesolla,uol,Text mention
Q2,1253900,depjorgesolla,uol,Text mention
Q1,1253975,drasorayamanato,correiobraziliense,Text mention
Q2,1253975,drasorayamanato,correiobraziliense,Text mention
Q1,1254233,carlosjordyoficial,istoe,Text mention
Q2,1254233,carlosjordyoficial,istoe,Text mention
Q1,1254472,alexmanente,veja,Text mention
Q1,1254504,drasorayamanato,cnnbrasil,Text mention
Q1,1254646,PauloEduardoOficial,cnnbrasil,Text mention
Q2,1254646,PauloEduardoOficial,cnnbrasil,Text mention
Q1,1254757,AleSilvaOficial,cnn,Text mention
Q1,1255965,PauloEduardoOficial,estadao,Text mention
Q2,1255965,PauloEduardoOficial,estadao,Text mention
Q1,1255965,PauloEduardoOficial,estadao,Text mention
Q2,1255965,PauloEduardoOficial,estadao,Text mention
Q1,1258682,DeputadaMariaDoRosario,folha,Text mention
Q1,1258682,DeputadaMariaDoRosario,estadao,Text mention
Q1,1258838,taliriapetronepsol,veja,Text mention
Q1,1259246,biakicisoficial,oantagonista,Text mention
Q1,1262136,AlencarBraga13,uol,Text mention
Q2,1262136,AlencarBraga13,uol,Text mention
Q1,1262136,AlencarBraga13,uol,Text mention
Q2,1262136,AlencarBraga13,uol,Text mention
Q1,1262152,biakicisoficial,veja,Text mention
Q2,1262152,biakicisoficial,veja,Text mention
Q1,1262152,biakicisoficial,terrabrasilnoticias,Text mention
Q2,1262152,biakicisoficial,terrabrasilnoticias,Text mention
Q1,1262152,biakicisoficial,veja,Text mention
Q2,1262152,biakicisoficial,veja,Text mention
Q1,1262152,biakicisoficial,terrabrasilnoticias,Text mention
Q2,1262152,biakicisoficial,terrabrasilnoticias,Text mention
Q1,1262554,PauloTeixeira13,uol,Text mention
Q2,1262554,PauloTeixeira13,uol,Text mention
Q1,1262597,deputadorogeriocorreia,uol,Text mention
Q2,1262597,deputadorogeriocorreia,uol,Text mention
Q1,1262597,deputadorogeriocorreia,uol,Text mention
Q2,1262597,deputadorogeriocorreia,uol,Text mention
Q1,1262822,JandiraFeghaliOficial,cartacapital,Text mention
Q1,1262822,JandiraFeghaliOficial,cartacapital,Text mention
Q1,1263389,bolsonaro.enb,folha,Text mention
Q2,1263389,bolsonaro.enb,folha,Text mention
Q1,1263389,bolsonaro.enb,tercalivre,Text mention
Q2,1263389,bolsonaro.enb,tercalivre,Text mention
Q1,1263389,bolsonaro.enb,tercalivre,Text mention
Q2,1263389,bolsonaro.enb,tercalivre,Text mention
Q1,1263411,biakicisoficial,g1.globo,Text mention
Q2,1263411,biakicisoficial,g1.globo,Text mention
Q1,1263753,filipebarrosoficial,pleno.news,Text mention
Q2,1263753,filipebarrosoficial,pleno.news,Text mention
Q1,1264217,AleSilvaOficial,pleno.news,Text mention
Q2,1264217,AleSilvaOficial,pleno.news,Text mention
Q1,1264430,AleSilvaOficial,veja,Text mention
Q2,1264430,AleSilvaOficial,veja,Text mention
Q1,1265440,carolinerdetoni,veja,Text mention
Q2,1265440,carolinerdetoni,veja,Text mention
Q1,1265457,profisrael,estadao,Text mention
Q2,1265457,profisrael,estadao,Text mention
Q1,1265457,profisrael,estadao,Text mention
Q2,1265457,profisrael,estadao,Text mention
Q1,1265644,AlencarBraga13,folha,Text mention
Q2,1265644,AlencarBraga13,folha,Text mention
Q1,1265644,AlencarBraga13,folha,Text mention
Q2,1265644,AlencarBraga13,folha,Text mention
Q1,1266238,ErikaKokay,estadao,Text mention
Q1,1266574,samia.bomfim.psol,estadao,Text mention
Q2,1266574,samia.bomfim.psol,estadao,Text mention
Q1,1266629,deputadomarcon,estadao,Text mention
Q2,1266629,deputadomarcon,estadao,Text mention
Q1,1266682,fernandapsol,estadao,Text mention
Q2,1266682,fernandapsol,estadao,Text mention
Q1,1266808,MolonRJ,estadao,Text mention
Q2,1266808,MolonRJ,estadao,Text mention
Q1,1266823,deputadohenriquefontana,folha,Text mention
Q1,1266837,drasorayamanato,veja,Text mention
Q2,1266837,drasorayamanato,veja,Text mention
Q1,1267369,carlosjordyoficial,estadao,Text mention
Q2,1267369,carlosjordyoficial,estadao,Text mention
Q1,1267369,carlosjordyoficial,estadao,Text mention
Q2,1267369,carlosjordyoficial,estadao,Text mention
Q1,1267369,carlosjordyoficial,estadao,Text mention
Q2,1267369,carlosjordyoficial,estadao,Text mention
Q1,1267369,carlosjordyoficial,estadao,Text mention
Q2,1267369,carlosjordyoficial,estadao,Text mention
Q1,1267555,biakicisoficial,cnnbrasil,Text mention
Q2,1267555,biakicisoficial,cnnbrasil,Text mention
Q1,1267719,OtoniDeputadoFederal,veja,Text mention
Q2,1267719,OtoniDeputadoFederal,veja,Text mention
Q1,1267935,filipebarrosoficial,pleno.news,Text mention
Q1,1268485,ClarissaGarotinhoRJ,cnnbrasil,Text mention
Q2,1268485,ClarissaGarotinhoRJ,cnnbrasil,Text mention
Q1,1268672,IvanValentePSOL,uol,Text mention
Q2,1268672,IvanValentePSOL,uol,Text mention
Q1,1268751,pompeodemattospdt,glo.bo,Text mention
Q2,1268751,pompeodemattospdt,glo.bo,Text mention
Q1,1269061,PastorMarcoFeliciano,veja,Text mention
Q2,1269061,PastorMarcoFeliciano,veja,Text mention
Q1,1269202,josiasgomespt,theguardian,Text mention
Q2,1269202,josiasgomespt,theguardian,Text mention
Q1,1269273,davidmirandario12,glo.bo,Text mention
Q2,1269273,davidmirandario12,glo.bo,Text mention
Q1,1269281,IvanValentePSOL,cartacapital,Text mention
Q1,1269281,IvanValentePSOL,cartacapital,Text mention
Q1,1269530,TulioGadelhaOficial,veja,Text mention
Q2,1269530,TulioGadelhaOficial,veja,Text mention
Q1,1269543,TulioGadelhaOficial,veja,Text mention
Q2,1269543,TulioGadelhaOficial,veja,Text mention
Q1,1269733,freianastaciopt,correiobraziliense,Text mention
Q2,1269733,freianastaciopt,correiobraziliense,Text mention
Q1,1269761,delegadofeliciolaterca,tercalivre,Text mention
Q2,1269761,delegadofeliciolaterca,tercalivre,Text mention
Q1,1269770,coronel.armando,glo.bo,Text mention
Q2,1269770,coronel.armando,glo.bo,Text mention
Q1,1269805,blogdabenedita,midianinja,Text mention
Q1,1269882,deputadobacelar,correiobraziliense,Text mention
Q2,1269882,deputadobacelar,correiobraziliense,Text mention
Q1,1269936,profisrael,correiobraziliense,Text mention
Q2,1269936,profisrael,correiobraziliense,Text mention
Q1,1270005,deputadohenriquefontana,correiobraziliense,Text mention
Q1,1270018,davidmirandario12,extra.globo,Text mention
Q2,1270018,davidmirandario12,extra.globo,Text mention
Q1,1270018,davidmirandario12,extra.globo,Text mention
Q2,1270018,davidmirandario12,extra.globo,Text mention
Q1,1270084,glauber.braga1,uol,Text mention
Q2,1270084,glauber.braga1,uol,Text mention
Q1,1270140,afonsoflorence13,correiobraziliense,Text mention
Q2,1270140,afonsoflorence13,correiobraziliense,Text mention
Q1,1270221,samia.bomfim.psol,cnn,Text mention
Q1,1270349,carlosjordyoficial,veja,Text mention
Q2,1270349,carlosjordyoficial,veja,Text mention
Q1,1270596,kimkataguiri,veja,Text mention
Q2,1270596,kimkataguiri,veja,Text mention
Q1,1270734,DeputadoFederalVicentinho,folha,Text mention
Q1,1270849,IvanValentePSOL,uol,Text mention
Q2,1270849,IvanValentePSOL,uol,Text mention
Q1,1270885,airtonfaleiropt,theguardian,Text mention
Q2,1270885,airtonfaleiropt,theguardian,Text mention
Q1,1271195,bibonunes,brasilsemmedo,Text mention
Q1,1271286,DeputadaMariaDoRosario,cnnbrasil,Text mention
Q2,1271286,DeputadaMariaDoRosario,cnnbrasil,Text mention
Q1,1271338,celiosilveiradeputadogo,oantagonista,Text mention
Q1,1271387,joaocarlosgurgel,veja,Text mention
Q1,1271388,joseneltooficial,estadao,Text mention
Q1,1271447,filipebarrosoficial,jovempan,Text mention
Q2,1271447,filipebarrosoficial,jovempan,Text mention
Q1,1271447,filipebarrosoficial,jovempan,Text mention
Q2,1271447,filipebarrosoficial,jovempan,Text mention
Q1,1271606,IvanValentePSOL,cartacapital,Text mention
Q2,1271606,IvanValentePSOL,cartacapital,Text mention
Q1,1271910,ZambelliOficial,gazetadopovo,Text mention
Q2,1271910,ZambelliOficial,gazetadopovo,Text mention
Q1,1271945,blogdabenedita,oglobo.globo,Text mention
Q2,1271945,blogdabenedita,oglobo.globo,Text mention
Q1,1272071,ErikaKokay,band,Text mention
Q1,1272087,IvanValentePSOL,cartacapital,Text mention
Q2,1272087,IvanValentePSOL,cartacapital,Text mention
Q1,1272087,IvanValentePSOL,cartacapital,Text mention
Q2,1272087,IvanValentePSOL,cartacapital,Text mention
Q1,1272097,deputadaaliceportugal,g1.globo,Text mention
Q2,1272097,deputadaaliceportugal,g1.globo,Text mention
Q1,1272135,depchinaglia,bbc,Text mention
Q2,1272135,depchinaglia,bbc,Text mention
Q1,1272140,depchinaglia,bbc,Text mention
Q2,1272140,depchinaglia,bbc,Text mention
Q1,1272171,camilocapiberibe,uol,Text mention
Q2,1272171,camilocapiberibe,uol,Text mention
Q1,1272247,deputadohenriquefontana,oantagonista,Text mention
Q2,1272247,deputadohenriquefontana,oantagonista,Text mention
Q1,1272247,deputadohenriquefontana,oantagonista,Text mention
Q2,1272247,deputadohenriquefontana,oantagonista,Text mention
Q1,1272287,AleSilvaOficial,pleno.news,Text mention
Q1,1272413,RosanaValleOficial,veja,Text mention
Q1,1272414,RosanaValleOficial,veja,Text mention
Q2,1272414,RosanaValleOficial,veja,Text mention
Q1,1272419,joicehasselmann,yahoo,Text mention
Q2,1272419,joicehasselmann,yahoo,Text mention
Q1,1272458,PedroUczai,uol,Text mention
Q2,1272458,PedroUczai,uol,Text mention
Q1,1272621,TulioGadelhaOficial,estadao,Text mention
Q2,1272621,TulioGadelhaOficial,estadao,Text mention
Q1,1272651,freixo.marcelo,estadao,Text mention
Q2,1272651,freixo.marcelo,estadao,Text mention
Q1,1272698,depjorgesolla,uol,Text mention
Q2,1272698,depjorgesolla,uol,Text mention
Q1,1272698,depjorgesolla,veja,Text mention
Q2,1272698,depjorgesolla,veja,Text mention
Q1,1272742,joicehasselmann,uol,Text mention
Q1,1272748,carlosjordyoficial,poder360,Text mention
Q2,1272748,carlosjordyoficial,poder360,Text mention
Q1,1272864,AleSilvaOficial,terrabrasilnoticias,Text mention
Q2,1272864,AleSilvaOficial,terrabrasilnoticias,Text mention
Q1,1272869,filipebarrosoficial,terrabrasilnoticias,Text mention
Q2,1272869,filipebarrosoficial,terrabrasilnoticias,Text mention
Q1,1273303,AndreJanones,jovempan,Text mention
Q1,1274080,AleSilvaOficial,jovempan,Text mention
Q2,1274080,AleSilvaOficial,jovempan,Text mention
Q1,1274105,luiziannelinsPT,midianinja,Text mention
Q2,1274105,luiziannelinsPT,midianinja,Text mention
Q1,1274113,biakicisoficial,jovempan,Text mention
Q2,1274113,biakicisoficial,jovempan,Text mention
Q1,1274825,PauloTeixeira13,glo.bo,Text mention
Q1,1274825,PauloTeixeira13,folha,Text mention
Q1,1274825,PauloTeixeira13,folha,Text mention
Q1,1275016,IvanValentePSOL,g1.globo,Text mention
Q2,1275016,IvanValentePSOL,g1.globo,Text mention
Q1,1275244,davidmirandario12,midianinja,Text mention
Q2,1275244,davidmirandario12,midianinja,Text mention
Q1,1275376,carolinerdetoni,jovempan,Text mention
Q2,1275376,carolinerdetoni,jovempan,Text mention
Q1,1275376,carolinerdetoni,g1.globo,Text mention
Q2,1275376,carolinerdetoni,g1.globo,Text mention
Q1,1275376,carolinerdetoni,r7,Text mention
Q2,1275376,carolinerdetoni,r7,Text mention
Q1,1275430,PauloEduardoOficial,g1.globo,Text mention
Q1,1275694,deputadosanderson,jovempan,Text mention
Q1,1275886,jorgebrazoficial,glo.bo,Text mention
Q2,1275886,jorgebrazoficial,glo.bo,Text mention
Q1,1275886,jorgebrazoficial,glo.bo,Text mention
Q2,1275886,jorgebrazoficial,glo.bo,Text mention
Q1,1276017,rfalcao13,glo.bo,Text mention
Q2,1276017,rfalcao13,glo.bo,Text mention
Q1,1276017,rfalcao13,glo.bo,Text mention
Q2,1276017,rfalcao13,glo.bo,Text mention
Q1,1276026,carlosjordyoficial,poder360,Text mention
Q2,1276026,carlosjordyoficial,poder360,Text mention
Q1,1276032,PastorMarcoFeliciano,veja,Text mention
Q2,1276032,PastorMarcoFeliciano,veja,Text mention
Q1,1276220,depjorgesolla,folha,Text mention
Q2,1276220,depjorgesolla,folha,Text mention
Q1,1276324,deputadohenriquefontana,veja,Text mention
Q2,1276324,deputadohenriquefontana,veja,Text mention
Q1,1276342,IvanValentePSOL,g1.globo,Text mention
Q2,1276342,IvanValentePSOL,g1.globo,Text mention
Q1,1276419,joseneltooficial,g1.globo,Text mention
Q2,1276419,joseneltooficial,g1.globo,Text mention
Q1,1276477,PauloEduardoOficial,cnnbrasil,Text mention
Q1,1276478,coronel.armando,cnn,Text mention
Q2,1276478,coronel.armando,cnn,Text mention
Q1,1276493,davidmirandario12,cnn,Text mention
Q2,1276493,davidmirandario12,cnn,Text mention
Q1,1276499,LeoMoraes.19,g1.globo,Text mention
Q1,1276510,helder.salomao.1350,glo.bo,Text mention
Q1,1276510,helder.salomao.1350,glo.bo,Text mention
Q1,1276510,helder.salomao.1350,oglobo.globo,Text mention
Q1,1276549,ErikaKokay,glo.bo,Text mention
Q1,1276549,ErikaKokay,glo.bo,Text mention
Q1,1276549,ErikaKokay,oglobo.globo,Text mention
Q1,1276557,blogdabenedita,glo.bo,Text mention
Q2,1276557,blogdabenedita,glo.bo,Text mention
Q1,1276664,deputadorogeriocorreia,cartacapital,Text mention
Q2,1276664,deputadorogeriocorreia,cartacapital,Text mention
Q1,1276664,deputadorogeriocorreia,cartacapital,Text mention
Q2,1276664,deputadorogeriocorreia,cartacapital,Text mention
Q1,1276776,bolsonaro.enb,veja,Text mention
Q2,1276776,bolsonaro.enb,veja,Text mention
Q1,1277208,pimenta13br,cnn,Text mention
Q1,1277217,capitaoalbertoneto,g1.globo,Text mention
Q2,1277217,capitaoalbertoneto,g1.globo,Text mention
Q1,1277278,AleSilvaOficial,terrabrasilnoticias,Text mention
Q1,1277451,carolinerdetoni,jovempan,Text mention
Q2,1277451,carolinerdetoni,jovempan,Text mention
Q1,1277455,orlandosilvasp,poder360,Text mention
Q2,1277455,orlandosilvasp,poder360,Text mention
Q1,1277500,drasorayamanato,jovempan,Text mention
Q2,1277500,drasorayamanato,jovempan,Text mention
Q1,1277670,IvanValentePSOL,estadao,Text mention
Q1,1277670,IvanValentePSOL,estadao,Text mention
Q1,1277683,deputadorogeriocorreia,folha,Text mention
Q2,1277683,deputadorogeriocorreia,folha,Text mention
Q1,1277705,DeputadoVitorHugo,jovempan,Text mention
Q2,1277705,DeputadoVitorHugo,jovempan,Text mention
Q1,1277765,ZambelliOficial,veja,Text mention
Q2,1277765,ZambelliOficial,veja,Text mention
Q1,1277829,DepCoronelChrisostomo,jovempan,Text mention
Q2,1277829,DepCoronelChrisostomo,jovempan,Text mention
Q1,1277851,bibonunes,renovamidia,Text mention
Q2,1277851,bibonunes,renovamidia,Text mention
Q1,1277930,PauloTeixeira13,folha,Text mention
Q2,1277930,PauloTeixeira13,folha,Text mention
Q1,1277967,coronel.armando,jovempan,Text mention
Q2,1277967,coronel.armando,jovempan,Text mention
Q1,1278006,edermauropa,cnn,Text mention
Q1,1278054,DeputadoVitorHugo,cnn,Text mention
Q1,1278066,carlosjordyoficial,tercalivre,Text mention
Q2,1278066,carlosjordyoficial,tercalivre,Text mention
Q1,1278133,reginaldolopesmg,coalizaonegrapordireitos,Text mention
Q2,1278133,reginaldolopesmg,coalizaonegrapordireitos,Text mention
Q1,1278155,AleSilvaOficial,terrabrasilnoticias,Text mention
Q2,1278155,AleSilvaOficial,terrabrasilnoticias,Text mention
Q1,1278155,AleSilvaOficial,terrabrasilnoticias,Text mention
Q2,1278155,AleSilvaOficial,terrabrasilnoticias,Text mention
Q1,1278333,depjorgesolla,folha,Text mention
Q2,1278333,depjorgesolla,folha,Text mention
Q1,1278402,OtoniDeputadoFederal,glo.bo,Text mention
Q2,1278402,OtoniDeputadoFederal,glo.bo,Text mention
Q1,1278614,bolsonaro.enb,jovempan,Text mention
Q2,1278614,bolsonaro.enb,jovempan,Text mention
Q1,1278620,carolinerdetoni,uol,Text mention
Q1,1278635,carlosjordyoficial,g1.globo,Text mention
Q2,1278635,carlosjordyoficial,g1.globo,Text mention
Q1,1278885,coronel.armando,veja,Text mention
Q2,1278885,coronel.armando,veja,Text mention
Q1,1279054,depchinaglia,uol,Text mention
Q2,1279054,depchinaglia,uol,Text mention
Q1,1279054,depchinaglia,veja,Text mention
Q2,1279054,depchinaglia,veja,Text mention
Q1,1279150,jorgebrazoficial,veja,Text mention
Q2,1279150,jorgebrazoficial,veja,Text mention
Q1,1279216,alexmanente,cnn,Text mention
Q2,1279216,alexmanente,cnn,Text mention
Q1,1279298,DeputadoPedroLupion,gazetadopovo,Text mention
Q2,1279298,DeputadoPedroLupion,gazetadopovo,Text mention
Q1,1279298,DeputadoPedroLupion,gazetadopovo,Text mention
Q2,1279298,DeputadoPedroLupion,gazetadopovo,Text mention
Q1,1279325,DeputadoVitorHugo,pleno.news,Text mention
Q2,1279325,DeputadoVitorHugo,pleno.news,Text mention
Q1,1279353,profisrael,correiobraziliense,Text mention
Q2,1279353,profisrael,correiobraziliense,Text mention
Q1,1279473,joseneltooficial,g1.globo,Text mention
Q2,1279473,joseneltooficial,g1.globo,Text mention
Q1,1279473,joseneltooficial,glo.bo,Text mention
Q2,1279473,joseneltooficial,glo.bo,Text mention
Q1,1279607,biakicisoficial,cnn,Text mention
Q2,1279607,biakicisoficial,cnn,Text mention
Q1,1280059,ProfessoraRosaNeide,veja,Text mention
Q2,1280059,ProfessoraRosaNeide,veja,Text mention
Q1,1280264,carolinerdetoni,cnn,Text mention
Q1,1280264,carolinerdetoni,poder360,Text mention
Q1,1280264,carolinerdetoni,gazetadopovo,Text mention
Q1,1280302,deputadohenriquefontana,folha,Text mention
Q2,1280302,deputadohenriquefontana,folha,Text mention
Q1,1280305,DeputadaMariaDoRosario,cnnbrasil,Text mention
Q1,1280349,depchinaglia,correiobraziliense,Text mention
Q2,1280349,depchinaglia,correiobraziliense,Text mention
Q1,1280386,MolonRJ,estadao,Text mention
Q2,1280386,MolonRJ,estadao,Text mention
Q1,1280608,AleSilvaOficial,pleno.news,Text mention
Q2,1280608,AleSilvaOficial,pleno.news,Text mention
Q1,1280626,lpbragancabr,gazetadopovo,Text mention
Q1,1280954,josemedeirosMT,terrabrasilnoticias,Text mention
Q2,1280954,josemedeirosMT,terrabrasilnoticias,Text mention
Q1,1280969,gleisi.hoffmann,glo.bo,Text mention
Q2,1280969,gleisi.hoffmann,glo.bo,Text mention
Q1,1280971,DeputadoVitorHugo,estadao,Text mention
Q2,1280971,DeputadoVitorHugo,estadao,Text mention
Q1,1281030,TulioGadelhaOficial,cnn,Text mention
Q1,1281030,TulioGadelhaOficial,cnn,Text mention
Q1,1281054,depchinaglia,folha,Text mention
Q2,1281054,depchinaglia,folha,Text mention
Q1,1281491,davidmirandario12,g1.globo,Text mention
Q1,1281491,davidmirandario12,midianinja,Text mention
Q1,1281537,tabataamaralSP,yahoo,Text mention
Q2,1281537,tabataamaralSP,yahoo,Text mention
Q1,1281592,freixo.marcelo,oglobo.globo,Text mention
Q1,1281703,PauloTeixeira13,uol,Text mention
Q2,1281703,PauloTeixeira13,uol,Text mention
Q1,1281715,ZambelliOficial,veja,Text mention
Q2,1281715,ZambelliOficial,veja,Text mention
Q1,1281790,filipebarrosoficial,istoe,Text mention
Q2,1281790,filipebarrosoficial,istoe,Text mention
Q1,1281790,filipebarrosoficial,istoe,Text mention
Q2,1281790,filipebarrosoficial,istoe,Text mention
Q1,1282246,evair.vieirademelo,jovempan,Text mention
Q1,1282370,AleSilvaOficial,terrabrasilnoticias,Text mention
Q2,1282370,AleSilvaOficial,terrabrasilnoticias,Text mention
Q1,1283006,ZambelliOficial,veja,Text mention
Q1,1283388,kimkataguiri,oantagonista,Text mention
Q1,1283428,ZambelliOficial,exame,Text mention
Q2,1283428,ZambelliOficial,exame,Text mention
Q1,1283428,ZambelliOficial,reuters,Text mention
Q2,1283428,ZambelliOficial,reuters,Text mention
Q1,1283428,ZambelliOficial,gazetadopovo,Text mention
Q2,1283428,ZambelliOficial,gazetadopovo,Text mention
Q1,1283428,ZambelliOficial,gazetadopovo,Text mention
Q2,1283428,ZambelliOficial,gazetadopovo,Text mention
Q1,1283474,AleSilvaOficial,jovempan,Text mention
Q1,1283734,depalexsantana,extra.globo,Text mention
Q2,1283734,depalexsantana,extra.globo,Text mention
Q1,1283961,carlosjordyoficial,folha,Text mention
Q2,1283961,carlosjordyoficial,folha,Text mention
Q1,1284036,filipebarrosoficial,pleno.news,Text mention
Q2,1284036,filipebarrosoficial,pleno.news,Text mention
Q1,1284055,PauloEduardoOficial,jovempan,Text mention
Q2,1284055,PauloEduardoOficial,jovempan,Text mention
Q1,1284319,DeputadaMariaDoRosario,glo.bo,Text mention
Q2,1284319,DeputadaMariaDoRosario,glo.bo,Text mention
Q1,1284348,onelsonbarbudo,pleno.news,Text mention
Q2,1284348,onelsonbarbudo,pleno.news,Text mention
Q1,1284384,soumararocha,veja,Text mention
Q2,1284384,soumararocha,veja,Text mention
Q1,1284426,IvanValentePSOL,uol,Text mention
Q2,1284426,IvanValentePSOL,uol,Text mention
Q1,1284680,airtonfaleiropt,veja,Text mention
Q2,1284680,airtonfaleiropt,veja,Text mention
Q1,1284680,airtonfaleiropt,uol,Text mention
Q2,1284680,airtonfaleiropt,uol,Text mention
Q1,1284818,depjorgesolla,folha,Text mention
Q2,1284818,depjorgesolla,folha,Text mention
Q1,1285212,niltotattosp,folha,Text mention
Q2,1285212,niltotattosp,folha,Text mention
Q1,1285541,OtoniDeputadoFederal,veja,Text mention
Q2,1285541,OtoniDeputadoFederal,veja,Text mention
Q1,1285541,OtoniDeputadoFederal,veja,Text mention
Q2,1285541,OtoniDeputadoFederal,veja,Text mention
Q1,1286226,PastorMarcoFeliciano,estadao,Text mention
Q2,1286226,PastorMarcoFeliciano,estadao,Text mention
Q1,1286563,bolsonaro.enb,sbt,Text mention
Q1,1286578,filipebarrosoficial,cnn,Text mention
Q1,1286578,filipebarrosoficial,cnn,Text mention
Q1,1286592,filipebarrosoficial,pleno.news,Text mention
Q2,1286592,filipebarrosoficial,pleno.news,Text mention
Q1,1286808,DeputadaMariaDoRosario,oglobo.globo,Text mention
Q2,1286808,DeputadaMariaDoRosario,oglobo.globo,Text mention
Q1,1286808,DeputadaMariaDoRosario,glo.bo,Text mention
Q2,1286808,DeputadaMariaDoRosario,glo.bo,Text mention
Q1,1286986,filipebarrosoficial,jovempan,Text mention
Q1,1287309,filipebarrosoficial,jovempan,Text mention
Q2,1287309,filipebarrosoficial,jovempan,Text mention
Q1,1287564,PastorMarcoFeliciano,glo.bo,Text mention
Q1,1287637,filipebarrosoficial,cnn,Text mention
Q1,1287637,filipebarrosoficial,cnn,Text mention
Q1,1287938,filipebarrosoficial,estadao,Text mention
Q2,1287938,filipebarrosoficial,estadao,Text mention
Q1,1287938,filipebarrosoficial,estadao,Text mention
Q2,1287938,filipebarrosoficial,estadao,Text mention
Q1,1287973,josemedeirosMT,estadao,Text mention
Q2,1287973,josemedeirosMT,estadao,Text mention
Q1,1288218,onelsonbarbudo,pleno.news,Text mention
Q2,1288218,onelsonbarbudo,pleno.news,Text mention
Q1,1288245,carolinerdetoni,uol,Text mention
Q2,1288245,carolinerdetoni,uol,Text mention
Q1,1288245,carolinerdetoni,jovempan,Text mention
Q2,1288245,carolinerdetoni,jovempan,Text mention
Q1,1288245,carolinerdetoni,poder360,Text mention
Q2,1288245,carolinerdetoni,poder360,Text mention
Q1,1290298,depchinaglia,folha,Text mention
Q2,1290298,depchinaglia,folha,Text mention
Q1,1290364,deputadohenriquefontana,uol,Text mention
Q2,1290364,deputadohenriquefontana,uol,Text mention
Q1,1290476,pimenta13br,folha,Text mention
Q2,1290476,pimenta13br,folha,Text mention
Q1,1292143,taliriapetronepsol,estadao,Text mention
Q2,1292143,taliriapetronepsol,estadao,Text mention
Q1,1292240,carolinerdetoni,r7,Text mention
Q2,1292240,carolinerdetoni,r7,Text mention
Q1,1292703,ZambelliOficial,exame,Text mention
Q2,1292703,ZambelliOficial,exame,Text mention
Q1,1292703,ZambelliOficial,glo.bo,Text mention
Q2,1292703,ZambelliOficial,glo.bo,Text mention
Q1,1292703,ZambelliOficial,g1.globo,Text mention
Q2,1292703,ZambelliOficial,g1.globo,Text mention
Q1,1292776,filipebarrosoficial,istoe,Text mention
Q2,1292776,filipebarrosoficial,istoe,Text mention
Q1,1292786,joseneltooficial,uol,Text mention
Q1,1293026,josemedeirosMT,terrabrasilnoticias,Text mention
Q2,1293026,josemedeirosMT,terrabrasilnoticias,Text mention
Q1,1293026,josemedeirosMT,terrabrasilnoticias,Text mention
Q2,1293026,josemedeirosMT,terrabrasilnoticias,Text mention
Q1,1293182,CelioMouraTO,estadao,Text mention
Q2,1293182,CelioMouraTO,estadao,Text mention
Q1,1293202,filipebarrosoficial,estadao,Text mention
Q2,1293202,filipebarrosoficial,estadao,Text mention
Q1,1293202,filipebarrosoficial,estadao,Text mention
Q2,1293202,filipebarrosoficial,estadao,Text mention
Q1,1293498,renildovcalheiros,estadao,Text mention
Q2,1293498,renildovcalheiros,estadao,Text mention
Q1,1293498,renildovcalheiros,estadao,Text mention
Q2,1293498,renildovcalheiros,estadao,Text mention
Q1,1293534,filipebarrosoficial,estadao,Text mention
Q2,1293534,filipebarrosoficial,estadao,Text mention
Q1,1293546,RodrigoAgostinhoOficial,estadao,Text mention
Q2,1293546,RodrigoAgostinhoOficial,estadao,Text mention
Q1,1293546,RodrigoAgostinhoOficial,estadao,Text mention
Q2,1293546,RodrigoAgostinhoOficial,estadao,Text mention
Q1,1293546,RodrigoAgostinhoOficial,estadao,Text mention
Q2,1293546,RodrigoAgostinhoOficial,estadao,Text mention
Q1,1293546,RodrigoAgostinhoOficial,estadao,Text mention
Q2,1293546,RodrigoAgostinhoOficial,estadao,Text mention
Q1,1293659,orlandosilvasp,estadao,Text mention
Q2,1293659,orlandosilvasp,estadao,Text mention
Q1,1293779,deputadorogeriocorreia,estadao,Text mention
Q2,1293779,deputadorogeriocorreia,estadao,Text mention
Q1,1293802,RodrigoMaiaRJ,estadao,Text mention
Q2,1293802,RodrigoMaiaRJ,estadao,Text mention
Q1,1293822,tabataamaralSP,estadao,Text mention
Q2,1293822,tabataamaralSP,estadao,Text mention
Q1,1293845,TulioGadelhaOficial,estadao,Text mention
Q2,1293845,TulioGadelhaOficial,estadao,Text mention
Q1,1293899,calero.rio,estadao,Text mention
Q2,1293899,calero.rio,estadao,Text mention
Q1,1293909,arraes,estadao,Text mention
Q2,1293909,arraes,estadao,Text mention
Q1,1293922,airtonfaleiropt,estadao,Text mention
Q2,1293922,airtonfaleiropt,estadao,Text mention
Q1,1293922,airtonfaleiropt,estadao,Text mention
Q2,1293922,airtonfaleiropt,estadao,Text mention
Q1,1293922,airtonfaleiropt,estadao,Text mention
Q2,1293922,airtonfaleiropt,estadao,Text mention
Q1,1293930,luizaerundina,estadao,Text mention
Q2,1293930,luizaerundina,estadao,Text mention
Q1,1293941,JandiraFeghaliOficial,estadao,Text mention
Q2,1293941,JandiraFeghaliOficial,estadao,Text mention
Q1,1293958,MolonRJ,estadao,Text mention
Q2,1293958,MolonRJ,estadao,Text mention
Q1,1293965,fernandapsol,estadao,Text mention
Q2,1293965,fernandapsol,estadao,Text mention
Q1,1293965,fernandapsol,estadao,Text mention
Q2,1293965,fernandapsol,estadao,Text mention
Q1,1293974,samia.bomfim.psol,estadao,Text mention
Q2,1293974,samia.bomfim.psol,estadao,Text mention
Q1,1293987,orlandosilvasp,estadao,Text mention
Q2,1293987,orlandosilvasp,estadao,Text mention
Q1,1293987,orlandosilvasp,estadao,Text mention
Q2,1293987,orlandosilvasp,estadao,Text mention
Q1,1293993,guimaraes13pt,estadao,Text mention
Q2,1293993,guimaraes13pt,estadao,Text mention
Q1,1293993,guimaraes13pt,estadao,Text mention
Q2,1293993,guimaraes13pt,estadao,Text mention
Q1,1293993,guimaraes13pt,estadao,Text mention
Q2,1293993,guimaraes13pt,estadao,Text mention
Q1,1293993,guimaraes13pt,estadao,Text mention
Q2,1293993,guimaraes13pt,estadao,Text mention
Q1,1294020,luizaerundina,estadao,Text mention
Q2,1294020,luizaerundina,estadao,Text mention
Q1,1294026,reginaldolopesmg,estadao,Text mention
Q2,1294026,reginaldolopesmg,estadao,Text mention
Q1,1294053,PedroUczai,jovempan,Text mention
Q2,1294053,PedroUczai,jovempan,Text mention
Q1,1294059,deputadomarcon,estadao,Text mention
Q2,1294059,deputadomarcon,estadao,Text mention
Q1,1294657,depdanielfreitas,jovempan,Text mention
Q2,1294657,depdanielfreitas,jovempan,Text mention
Q1,1295578,IvanValentePSOL,folha,Text mention
Q2,1295578,IvanValentePSOL,folha,Text mention
Q1,1295578,IvanValentePSOL,folha,Text mention
Q2,1295578,IvanValentePSOL,folha,Text mention
Q1,1295719,bibonunes,pleno.news,Text mention
Q2,1295719,bibonunes,pleno.news,Text mention
Q1,1296009,marceloalvaroantonio,pleno.news,Text mention
Q2,1296009,marceloalvaroantonio,pleno.news,Text mention
Q1,1296019,JandiraFeghaliOficial,cartacapital,Text mention
Q2,1296019,JandiraFeghaliOficial,cartacapital,Text mention
Q1,1296019,JandiraFeghaliOficial,cartacapital,Text mention
Q2,1296019,JandiraFeghaliOficial,cartacapital,Text mention
Q1,1296019,JandiraFeghaliOficial,cartacapital,Text mention
Q2,1296019,JandiraFeghaliOficial,cartacapital,Text mention
Q1,1296424,marceloalvaroantonio,folha,Text mention
Q1,1296798,filipebarrosoficial,pleno.news,Text mention
Q2,1296798,filipebarrosoficial,pleno.news,Text mention
Q1,1298567,josemedeirosMT,veja,Text mention
Q2,1298567,josemedeirosMT,veja,Text mention
Q1,1298883,filipebarrosoficial,jovempan,Text mention
Q2,1298883,filipebarrosoficial,jovempan,Text mention
Q1,1299956,filipebarrosoficial,glo.bo,Text mention
Q2,1299956,filipebarrosoficial,glo.bo,Text mention
Q1,1300117,IvanValentePSOL,folha,Text mention
Q2,1300117,IvanValentePSOL,folha,Text mention
Q1,1306034,coronel.armando,folha,Text mention
Q2,1306034,coronel.armando,folha,Text mention
Q1,1306034,coronel.armando,folha,Text mention
Q2,1306034,coronel.armando,folha,Text mention
Q1,1307134,marceloalvaroantonio,oantagonista,Text mention
Q2,1307134,marceloalvaroantonio,oantagonista,Text mention
Q1,1307712,filipebarrosoficial,gazetadopovo,Text mention
Q1,1307998,freixo.marcelo,oglobo.globo,Text mention
Q2,1307998,freixo.marcelo,oglobo.globo,Text mention
Q1,1308071,biakicisoficial,oantagonista,Text mention
Q2,1308071,biakicisoficial,oantagonista,Text mention
Q1,1311817,carolinerdetoni,folha,Text mention
Q2,1311817,carolinerdetoni,folha,Text mention
Q1,1312882,cleberverde.1010,poder360,Text mention
Q1,1312907,biakicisoficial,oantagonista,Text mention
Q1,1313061,filipebarrosoficial,cnn,Text mention
Q1,1313061,filipebarrosoficial,cnn,Text mention
Q1,1313473,filipebarrosoficial,gazetadopovo,Text mention
Q1,1313473,filipebarrosoficial,gazetadopovo,Text mention
Q1,1313601,drasorayamanato,pleno.news,Text mention
Q1,1314505,AleSilvaOficial,pleno.news,Text mention
Q2,1314505,AleSilvaOficial,pleno.news,Text mention
Q1,1315648,profisrael,oglobo.globo,Text mention
Q2,1315648,profisrael,oglobo.globo,Text mention
Q1,1315648,profisrael,oglobo.globo,Text mention
Q2,1315648,profisrael,oglobo.globo,Text mention
Q1,1315993,filipebarrosoficial,pleno.news,Text mention
Q2,1315993,filipebarrosoficial,pleno.news,Text mention
Q1,1316318,margaretecoelho.castro,veja,Text mention
Q1,1316318,margaretecoelho.castro,veja,Text mention
Q1,1316599,filipebarrosoficial,brasilsemmedo,Text mention
Q2,1316599,filipebarrosoficial,brasilsemmedo,Text mention
Q1,1317173,PastorMarcoFeliciano,veja,Text mention
Q2,1317173,PastorMarcoFeliciano,veja,Text mention
Q1,1317425,biakicisoficial,tercalivre,Text mention
Q1,1321131,carolinerdetoni,pleno.news,Text mention
Q2,1321131,carolinerdetoni,pleno.news,Text mention
Q1,1321131,carolinerdetoni,poder360,Text mention
Q2,1321131,carolinerdetoni,poder360,Text mention
Q1,1321131,carolinerdetoni,cnnbrasil,Text mention
Q2,1321131,carolinerdetoni,cnnbrasil,Text mention
Q1,1321390,fernandapsol,folha,Text mention
Q2,1321390,fernandapsol,folha,Text mention
Q1,1321736,biakicisoficial,pleno.news,Text mention
Q1,1321745,carolinerdetoni,cnn,Text mention
Q1,1323988,filipebarrosoficial,pleno.news,Text mention
Q1,1331778,drasorayamanato,cnn,Text mention
Q2,1331778,drasorayamanato,cnn,Text mention
Q1,1334935,filipebarrosoficial,folha,Text mention
Q2,1334935,filipebarrosoficial,folha,Text mention
Q1,1334935,filipebarrosoficial,folha,Text mention
Q2,1334935,filipebarrosoficial,folha,Text mention
Q1,1334935,filipebarrosoficial,folha,Text mention
Q2,1334935,filipebarrosoficial,folha,Text mention
Q1,1334935,filipebarrosoficial,folha,Text mention
Q2,1334935,filipebarrosoficial,folha,Text mention
Q1,1335212,ZambelliOficial,g1.globo,Text mention
Q2,1335212,ZambelliOficial,g1.globo,Text mention
Q1,1335212,ZambelliOficial,folha,Text mention
Q2,1335212,ZambelliOficial,folha,Text mention
Q1,1336463,carlosjordyoficial,veja,Text mention
Q1,1336573,DeputadoVitorHugo,veja,Text mention
Q1,1342922,carlosjordyoficial,pleno.news,Text mention
Q1,1342922,carlosjordyoficial,pleno.news,Text mention
Q1,1347155,joseneltooficial,glo.bo,Text mention
Q1,1358721,DeputadoCarlosSampaio,veja,Text mention
Q1,1358721,DeputadoCarlosSampaio,uol,Text mention
Q1,1358721,DeputadoCarlosSampaio,veja,Text mention
Q1,1358811,carlosjordyoficial,pleno.news,Text mention
Q1,1376656,deputadohenriquefontana,folha,Text mention
Q2,1376656,deputadohenriquefontana,folha,Text mention
Q1,1376656,deputadohenriquefontana,folha,Text mention
Q2,1376656,deputadohenriquefontana,folha,Text mention
Q1,1382194,filipebarrosoficial,correiobraziliense,Text mention
Q2,1382194,filipebarrosoficial,correiobraziliense,Text mention
Q1,1390618,carlosjordyoficial,gazetadopovo,Text mention
Q2,1390618,carlosjordyoficial,gazetadopovo,Text mention
Q1,1390915,filipebarrosoficial,extra.globo,Text mention
Q1,1390915,filipebarrosoficial,extra.globo,Text mention
Q1,1393545,deputadorogeriocorreia,cnnbrasil,Text mention
Q2,1393545,deputadorogeriocorreia,cnnbrasil,Text mention
Q1,1393742,biakicisoficial,estadao,Text mention
Q2,1393742,biakicisoficial,estadao,Text mention
Q1,1393742,biakicisoficial,infomoney,Text mention
Q2,1393742,biakicisoficial,infomoney,Text mention
Q1,1393742,biakicisoficial,estadao,Text mention
Q2,1393742,biakicisoficial,estadao,Text mention
Q1,1394302,carlosjordyoficial,cnnbrasil,Text mention
Q2,1394302,carlosjordyoficial,cnnbrasil,Text mention
Q1,1406181,paulabelmonteoficial,correiobraziliense,Text mention
Q1,1406181,paulabelmonteoficial,correiobraziliense,Text mention
Q1,1409276,luizaogoulartpr,veja,Text mention
Q1,1414893,josemedeirosMT,jovempan,Text mention
Q2,1414893,josemedeirosMT,jovempan,Text mention
Q1,1414893,josemedeirosMT,jovempan,Text mention
Q2,1414893,josemedeirosMT,jovempan,Text mention
Q1,1415281,AleSilvaOficial,veja,Text mention
Q1,1415281,AleSilvaOficial,veja,Text mention
